district_id,month,dis_mean_month,dis_median_month
76128533B10727492375508,9,0.05473333333333334,0.04
76128533B10727492375508,10,0.033419354838709676,0.03
76128533B10727492375508,11,0.02733333333333333,0.02
76128533B10727492375508,12,0.31929032258064516,0.34
76128533B10727492375508,1,0.10916129032258065,0.09
76128533B10727492375508,2,0.0045390070921985815,0.0
76128533B10727492375508,3,0.0023870967741935483,0.0
76128533B10727492375508,4,0.0024,0.0
76128533B10727492375508,5,0.0034838709677419357,0.0
76128533B10727492375508,6,0.013533333333333331,0.0
76128533B10727492375508,7,0.052516129032258066,0.03
76128533B10727492375508,8,0.07367741935483871,0.05
76128533B1083016608278,9,0.7860666666666667,0.26
76128533B1083016608278,10,0.36316129032258065,0.12
76128533B1083016608278,11,0.0434,0.05
76128533B1083016608278,12,0.017870967741935483,0.0
76128533B1083016608278,1,0.000967741935483871,0.0
76128533B1083016608278,2,0.0,0.0
76128533B1083016608278,3,0.0005806451612903225,0.0
76128533B1083016608278,4,0.0018666666666666664,0.0
76128533B1083016608278,5,0.009806451612903225,0.0
76128533B1083016608278,6,0.06326666666666667,0.03
76128533B1083016608278,7,1.034,0.5
76128533B1083016608278,8,0.5940645161290322,0.36
76128533B11651252780045,9,102.91153333333332,99.0
76128533B11651252780045,10,94.71412903225807,82.18
76128533B11651252780045,11,45.41453333333334,42.2
76128533B11651252780045,12,29.984709677419357,30.05
76128533B11651252780045,1,24.357806451612902,23.49
76128533B11651252780045,2,24.594113475177306,24.23
76128533B11651252780045,3,32.395548387096774,29.76
76128533B11651252780045,4,69.28246666666668,57.075
76128533B11651252780045,5,117.32619354838711,89.99
76128533B11651252780045,6,264.2818,250.76999999999998
76128533B11651252780045,7,184.9972258064516,169.22
76128533B11651252780045,8,108.33600000000001,100.62
76128533B11802210119774,9,3.2409333333333334,3.045
76128533B11802210119774,10,1.6249032258064515,1.58
76128533B11802210119774,11,0.7621333333333333,0.735
76128533B11802210119774,12,0.5452903225806451,0.54
76128533B11802210119774,1,0.5999354838709677,0.52
76128533B11802210119774,2,0.6249645390070923,0.52
76128533B11802210119774,3,0.5658064516129032,0.53
76128533B11802210119774,4,0.4916,0.5
76128533B11802210119774,5,0.5427741935483871,0.53
76128533B11802210119774,6,0.7615333333333334,0.53
76128533B11802210119774,7,3.5354193548387096,3.75
76128533B11802210119774,8,5.14741935483871,5.08
76128533B12129983841645,9,460.17313333333334,424.11
76128533B12129983841645,10,393.7904516129032,342.56
76128533B12129983841645,11,143.25986666666665,131.585
76128533B12129983841645,12,59.76438709677419,57.21
76128533B12129983841645,1,43.85187096774194,42.25
76128533B12129983841645,2,54.26992907801419,50.29
76128533B12129983841645,3,103.97387096774195,95.16
76128533B12129983841645,4,206.37746666666666,196.7
76128533B12129983841645,5,306.2989677419355,285.42
76128533B12129983841645,6,513.9900666666666,492.175
76128533B12129983841645,7,539.3507096774193,563.94
76128533B12129983841645,8,498.65225806451616,447.75
76128533B12144400448811,9,47.456799999999994,41.705
76128533B12144400448811,10,15.96516129032258,3.44
76128533B12144400448811,11,3.401733333333333,2.65
76128533B12144400448811,12,2.554193548387097,2.24
76128533B12144400448811,1,2.1004516129032256,1.67
76128533B12144400448811,2,1.239290780141844,1.22
76128533B12144400448811,3,0.85,0.87
76128533B12144400448811,4,0.5674,0.63
76128533B12144400448811,5,0.6429677419354839,0.34
76128533B12144400448811,6,1.5791333333333333,0.22
76128533B12144400448811,7,76.72180645161289,43.26
76128533B12144400448811,8,68.05864516129033,35.9
76128533B1222571856670,9,10.052800000000001,7.91
76128533B1222571856670,10,5.814967741935484,5.19
76128533B1222571856670,11,1.0441333333333334,0.99
76128533B1222571856670,12,0.7570967741935484,0.73
76128533B1222571856670,1,0.5561290322580645,0.52
76128533B1222571856670,2,0.45567375886524825,0.42
76128533B1222571856670,3,0.3748387096774194,0.34
76128533B1222571856670,4,0.2906,0.28
76128533B1222571856670,5,0.3600645161290323,0.22
76128533B1222571856670,6,1.9840666666666669,0.43
76128533B1222571856670,7,5.4314838709677415,1.2
76128533B1222571856670,8,9.632709677419355,9.47
76128533B12244045944458,9,37.1924,31.21
76128533B12244045944458,10,20.240709677419353,19.46
76128533B12244045944458,11,14.154733333333333,11.19
76128533B12244045944458,12,12.297483870967742,12.27
76128533B12244045944458,1,8.468967741935485,6.06
76128533B12244045944458,2,6.518936170212766,5.68
76128533B12244045944458,3,6.355290322580646,4.87
76128533B12244045944458,4,5.4922,5.25
76128533B12244045944458,5,7.109096774193549,5.97
76128533B12244045944458,6,9.505466666666667,7.77
76128533B12244045944458,7,40.43277419354839,25.92
76128533B12244045944458,8,76.38716129032258,64.16
76128533B12244320360965,9,1.3766,1.23
76128533B12244320360965,10,1.138774193548387,0.99
76128533B12244320360965,11,0.18553333333333336,0.18
76128533B12244320360965,12,0.1470322580645161,0.15
76128533B12244320360965,1,0.11883870967741937,0.11
76128533B12244320360965,2,0.13141843971631206,0.12
76128533B12244320360965,3,0.12264516129032257,0.12
76128533B12244320360965,4,0.13406666666666667,0.12
76128533B12244320360965,5,0.10883870967741936,0.09
76128533B12244320360965,6,0.509,0.11
76128533B12244320360965,7,1.0165161290322582,0.47
76128533B12244320360965,8,1.6179999999999999,1.54
76128533B12294379827032,9,2.97,2.32
76128533B12294379827032,10,1.5959999999999999,1.22
76128533B12294379827032,11,0.21546666666666667,0.23
76128533B12294379827032,12,0.12929032258064516,0.16
76128533B12294379827032,1,0.07135483870967742,0.08
76128533B12294379827032,2,0.03354609929078014,0.03
76128533B12294379827032,3,0.029999999999999995,0.03
76128533B12294379827032,4,0.03,0.03
76128533B12294379827032,5,0.029999999999999995,0.03
76128533B12294379827032,6,0.725,0.05
76128533B12294379827032,7,2.0061290322580643,1.09
76128533B12294379827032,8,4.467290322580645,3.91
76128533B12343314564708,9,9.462066666666667,0.62
76128533B12343314564708,10,2.7206451612903226,0.32
76128533B12343314564708,11,0.40440000000000004,0.05
76128533B12343314564708,12,0.302258064516129,0.04
76128533B12343314564708,1,0.24316129032258063,0.03
76128533B12343314564708,2,0.1951063829787234,0.03
76128533B12343314564708,3,0.13696774193548386,0.03
76128533B12343314564708,4,0.0828,0.03
76128533B12343314564708,5,0.06529032258064515,0.03
76128533B12343314564708,6,0.07526666666666666,0.03
76128533B12343314564708,7,2.898322580645161,0.28
76128533B12343314564708,8,13.855999999999998,5.19
76128533B12380735325851,9,3.8931333333333336,3.6
76128533B12380735325851,10,2.1185161290322583,1.99
76128533B12380735325851,11,0.5882666666666666,0.29
76128533B12380735325851,12,0.21167741935483872,0.19
76128533B12380735325851,1,0.1289032258064516,0.12
76128533B12380735325851,2,0.08858156028368794,0.08
76128533B12380735325851,3,0.07116129032258064,0.06
76128533B12380735325851,4,0.09693333333333333,0.09
76128533B12380735325851,5,0.10716129032258064,0.09
76128533B12380735325851,6,0.4276666666666667,0.12
76128533B12380735325851,7,4.387870967741936,1.33
76128533B12380735325851,8,4.797677419354839,4.68
76128533B12519626815499,9,1.9109333333333332,1.28
76128533B12519626815499,10,1.016709677419355,0.69
76128533B12519626815499,11,0.146,0.02
76128533B12519626815499,12,0.050258064516129033,0.04
76128533B12519626815499,1,0.010516129032258065,0.0
76128533B12519626815499,2,0.002695035460992908,0.0
76128533B12519626815499,3,0.0,0.0
76128533B12519626815499,4,0.0,0.0
76128533B12519626815499,5,0.0005806451612903225,0.0
76128533B12519626815499,6,0.10406666666666667,0.0
76128533B12519626815499,7,1.168774193548387,0.5
76128533B12519626815499,8,1.2296129032258065,0.89
76128533B12694285477701,9,33.88406666666666,32.230000000000004
76128533B12694285477701,10,25.267741935483873,22.12
76128533B12694285477701,11,4.765866666666667,4.36
76128533B12694285477701,12,3.8723225806451613,3.74
76128533B12694285477701,1,3.496064516129032,3.32
76128533B12694285477701,2,4.1943262411347515,3.89
76128533B12694285477701,3,4.002451612903226,3.79
76128533B12694285477701,4,5.099666666666667,4.63
76128533B12694285477701,5,5.481161290322581,4.85
76128533B12694285477701,6,7.654666666666667,4.875
76128533B12694285477701,7,19.157225806451613,13.19
76128533B12694285477701,8,33.098129032258065,30.33
76128533B13437137070957,9,12.776266666666666,11.635
76128533B13437137070957,10,8.825483870967743,7.13
76128533B13437137070957,11,1.8825333333333334,0.9450000000000001
76128533B13437137070957,12,0.7246451612903225,0.7
76128533B13437137070957,1,0.6706451612903226,0.56
76128533B13437137070957,2,0.5224113475177304,0.5
76128533B13437137070957,3,0.5176774193548387,0.44
76128533B13437137070957,4,1.539,0.645
76128533B13437137070957,5,5.194258064516129,3.22
76128533B13437137070957,6,15.133666666666668,13.125
76128533B13437137070957,7,17.179548387096773,14.74
76128533B13437137070957,8,17.672967741935484,17.88
76128533B13697452453823,9,4.201,3.59
76128533B13697452453823,10,2.513032258064516,2.08
76128533B13697452453823,11,1.4060666666666666,1.19
76128533B13697452453823,12,0.9283870967741936,0.81
76128533B13697452453823,1,1.018,0.76
76128533B13697452453823,2,1.0563120567375885,0.91
76128533B13697452453823,3,1.1248387096774193,1.06
76128533B13697452453823,4,0.9496,0.85
76128533B13697452453823,5,0.8724516129032257,0.81
76128533B13697452453823,6,0.9412,0.735
76128533B13697452453823,7,3.275677419354839,2.52
76128533B13697452453823,8,5.426064516129032,5.52
76128533B14033116794334,9,14.213,12.965
76128533B14033116794334,10,9.821806451612904,9.16
76128533B14033116794334,11,2.4107333333333334,2.21
76128533B14033116794334,12,2.0516129032258066,1.95
76128533B14033116794334,1,1.9188387096774195,1.81
76128533B14033116794334,2,2.213971631205674,1.97
76128533B14033116794334,3,2.0399354838709676,1.92
76128533B14033116794334,4,2.9495333333333336,2.6100000000000003
76128533B14033116794334,5,2.3651612903225807,2.03
76128533B14033116794334,6,5.050533333333334,2.16
76128533B14033116794334,7,8.75767741935484,4.33
76128533B14033116794334,8,14.27741935483871,13.83
76128533B1420136949169,9,694.8278,636.53
76128533B1420136949169,10,338.3931612903226,303.09
76128533B1420136949169,11,192.99373333333335,187.365
76128533B1420136949169,12,169.37206451612903,167.27
76128533B1420136949169,1,159.98232258064516,137.04
76128533B1420136949169,2,153.365390070922,140.91
76128533B1420136949169,3,158.7472258064516,150.71
76128533B1420136949169,4,144.14113333333336,140.25
76128533B1420136949169,5,169.7527741935484,154.96
76128533B1420136949169,6,203.85660000000001,178.47500000000002
76128533B1420136949169,7,650.8265806451612,581.1
76128533B1420136949169,8,1080.7442580645163,1038.92
76128533B14243635342908,9,1.6949333333333334,1.205
76128533B14243635342908,10,0.287741935483871,0.07
76128533B14243635342908,11,0.049466666666666666,0.05
76128533B14243635342908,12,0.03529032258064516,0.03
76128533B14243635342908,1,0.020580645161290323,0.02
76128533B14243635342908,2,0.003404255319148936,0.0
76128533B14243635342908,3,0.0005161290322580645,0.0
76128533B14243635342908,4,0.00039999999999999996,0.0
76128533B14243635342908,5,0.0026451612903225807,0.0
76128533B14243635342908,6,0.15453333333333333,0.0
76128533B14243635342908,7,3.580838709677419,2.08
76128533B14243635342908,8,2.463225806451613,1.46
76128533B14292125820380,9,1.6096,1.15
76128533B14292125820380,10,0.5606451612903226,0.12
76128533B14292125820380,11,0.12246666666666667,0.1
76128533B14292125820380,12,0.12064516129032257,0.09
76128533B14292125820380,1,0.0932258064516129,0.08
76128533B14292125820380,2,0.07241134751773048,0.08
76128533B14292125820380,3,0.06425806451612903,0.06
76128533B14292125820380,4,0.047,0.06
76128533B14292125820380,5,0.03703225806451613,0.03
76128533B14292125820380,6,0.1276,0.03
76128533B14292125820380,7,3.114258064516129,2.31
76128533B14292125820380,8,1.9858064516129033,1.22
76128533B14598081584747,9,6.246866666666667,5.855
76128533B14598081584747,10,3.0222580645161288,2.68
76128533B14598081584747,11,0.3620666666666667,0.37
76128533B14598081584747,12,0.2770322580645161,0.3
76128533B14598081584747,1,0.16799999999999998,0.2
76128533B14598081584747,2,0.07673758865248227,0.05
76128533B14598081584747,3,0.011806451612903225,0.0
76128533B14598081584747,4,0.0,0.0
76128533B14598081584747,5,0.0003870967741935484,0.0
76128533B14598081584747,6,1.1221999999999999,0.0
76128533B14598081584747,7,4.172451612903226,0.92
76128533B14598081584747,8,9.102193548387095,8.08
76128533B15157901669242,9,11654.957533333332,11667.09
76128533B15157901669242,10,9356.448322580645,8589.14
76128533B15157901669242,11,3851.7580666666663,3494.425
76128533B15157901669242,12,2036.225806451613,1975.97
76128533B15157901669242,1,1596.3428387096774,1609.65
76128533B15157901669242,2,1769.8314184397163,1650.96
76128533B15157901669242,3,2588.5232258064516,2274.1
76128533B15157901669242,4,6142.372333333333,4818.48
76128533B15157901669242,5,7938.92935483871,6869.68
76128533B15157901669242,6,16727.233066666668,16367.205000000002
76128533B15157901669242,7,17735.45012903226,17297.16
76128533B15157901669242,8,13231.089096774194,12160.86
76128533B15180319517641,9,60.89313333333333,45.395
76128533B15180319517641,10,24.04845161290323,19.94
76128533B15180319517641,11,4.7846,4.2
76128533B15180319517641,12,4.603548387096774,3.73
76128533B15180319517641,1,3.323225806451613,3.29
76128533B15180319517641,2,3.008368794326241,2.97
76128533B15180319517641,3,2.6596129032258067,2.69
76128533B15180319517641,4,2.4105333333333334,2.4
76128533B15180319517641,5,2.557483870967742,2.34
76128533B15180319517641,6,5.314733333333334,3.09
76128533B15180319517641,7,56.0221935483871,33.04
76128533B15180319517641,8,51.51064516129032,41.36
76128533B15550697205080,9,0.48219999999999996,0.13
76128533B15550697205080,10,0.5439999999999999,0.13
76128533B15550697205080,11,0.3329333333333333,0.1
76128533B15550697205080,12,0.043677419354838716,0.0
76128533B15550697205080,1,0.0064516129032258064,0.0
76128533B15550697205080,2,0.0,0.0
76128533B15550697205080,3,0.0,0.0
76128533B15550697205080,4,0.0,0.0
76128533B15550697205080,5,0.012516129032258063,0.0
76128533B15550697205080,6,0.08146666666666667,0.0
76128533B15550697205080,7,1.5030967741935484,0.34
76128533B15550697205080,8,0.6572903225806451,0.28
76128533B15567489974292,9,0.4590666666666667,0.45
76128533B15567489974292,10,0.28283870967741936,0.27
76128533B15567489974292,11,0.25873333333333337,0.23
76128533B15567489974292,12,0.26929032258064517,0.22
76128533B15567489974292,1,0.23406451612903226,0.22
76128533B15567489974292,2,0.3548936170212766,0.28
76128533B15567489974292,3,0.7376774193548388,0.73
76128533B15567489974292,4,0.6841999999999999,0.6799999999999999
76128533B15567489974292,5,0.6073548387096774,0.66
76128533B15567489974292,6,0.44933333333333336,0.415
76128533B15567489974292,7,0.43877419354838715,0.37
76128533B15567489974292,8,0.55,0.56
76128533B15601995412161,9,1.7440000000000002,1.3650000000000002
76128533B15601995412161,10,0.9111612903225805,0.78
76128533B15601995412161,11,0.16446666666666668,0.14
76128533B15601995412161,12,0.118,0.11
76128533B15601995412161,1,0.0932258064516129,0.09
76128533B15601995412161,2,0.07049645390070922,0.06
76128533B15601995412161,3,0.04748387096774193,0.03
76128533B15601995412161,4,0.023466666666666667,0.025
76128533B15601995412161,5,0.011806451612903225,0.0
76128533B15601995412161,6,0.05486666666666667,0.0
76128533B15601995412161,7,0.9863870967741937,0.19
76128533B15601995412161,8,2.1529032258064515,1.85
76128533B1566053393466,9,1.1870666666666667,1.01
76128533B1566053393466,10,0.36890322580645163,0.11
76128533B1566053393466,11,0.07673333333333333,0.09
76128533B1566053393466,12,0.05141935483870968,0.07
76128533B1566053393466,1,0.03483870967741936,0.05
76128533B1566053393466,2,0.009858156028368795,0.0
76128533B1566053393466,3,0.00025806451612903227,0.0
76128533B1566053393466,4,0.0,0.0
76128533B1566053393466,5,0.000967741935483871,0.0
76128533B1566053393466,6,0.023666666666666666,0.0
76128533B1566053393466,7,1.4776774193548388,0.11
76128533B1566053393466,8,1.7309677419354839,1.59
76128533B15993411864574,9,2.4688666666666665,1.8050000000000002
76128533B15993411864574,10,0.46761290322580645,0.16
76128533B15993411864574,11,0.08666666666666667,0.05
76128533B15993411864574,12,0.09387096774193548,0.05
76128533B15993411864574,1,0.08232258064516129,0.05
76128533B15993411864574,2,0.06411347517730495,0.06
76128533B15993411864574,3,0.08780645161290322,0.06
76128533B15993411864574,4,0.07026666666666666,0.06
76128533B15993411864574,5,0.11574193548387098,0.06
76128533B15993411864574,6,0.7863333333333333,0.22
76128533B15993411864574,7,3.2456129032258065,2.94
76128533B15993411864574,8,2.6352903225806448,1.99
76128533B1621599562140,9,1.5159333333333331,1.46
76128533B1621599562140,10,0.5556774193548387,0.49
76128533B1621599562140,11,0.0584,0.06
76128533B1621599562140,12,0.04832258064516129,0.05
76128533B1621599562140,1,0.03238709677419355,0.03
76128533B1621599562140,2,0.0250354609929078,0.03
76128533B1621599562140,3,0.003096774193548387,0.0
76128533B1621599562140,4,0.0,0.0
76128533B1621599562140,5,0.0,0.0
76128533B1621599562140,6,0.1375333333333333,0.0
76128533B1621599562140,7,1.2485806451612904,0.99
76128533B1621599562140,8,2.1121935483870966,1.88
76128533B16271917438029,9,2.1935333333333333,1.47
76128533B16271917438029,10,0.5571612903225807,0.08
76128533B16271917438029,11,0.03646666666666667,0.04
76128533B16271917438029,12,0.05651612903225806,0.02
76128533B16271917438029,1,0.0016129032258064516,0.0
76128533B16271917438029,2,0.0,0.0
76128533B16271917438029,3,0.0,0.0
76128533B16271917438029,4,0.0,0.0
76128533B16271917438029,5,0.0,0.0
76128533B16271917438029,6,0.14933333333333332,0.0
76128533B16271917438029,7,2.2088387096774196,0.99
76128533B16271917438029,8,1.4543225806451612,0.73
76128533B16476001647323,9,2.1886666666666668,1.685
76128533B16476001647323,10,1.0271612903225806,0.74
76128533B16476001647323,11,0.18153333333333332,0.11
76128533B16476001647323,12,0.08606451612903225,0.08
76128533B16476001647323,1,0.05961290322580645,0.06
76128533B16476001647323,2,0.03446808510638298,0.03
76128533B16476001647323,3,0.013935483870967743,0.0
76128533B16476001647323,4,0.0052,0.0
76128533B16476001647323,5,0.0,0.0
76128533B16476001647323,6,0.003866666666666667,0.0
76128533B16476001647323,7,0.7354193548387097,0.52
76128533B16476001647323,8,1.2881935483870968,1.01
76128533B16628456658675,9,0.0366,0.02
76128533B16628456658675,10,0.06883870967741935,0.01
76128533B16628456658675,11,0.129,0.02
76128533B16628456658675,12,0.09483870967741935,0.02
76128533B16628456658675,1,0.008451612903225807,0.0
76128533B16628456658675,2,0.0007092198581560284,0.0
76128533B16628456658675,3,0.0,0.0
76128533B16628456658675,4,0.0,0.0
76128533B16628456658675,5,0.00012903225806451613,0.0
76128533B16628456658675,6,0.0,0.0
76128533B16628456658675,7,0.006903225806451614,0.0
76128533B16628456658675,8,0.050645161290322586,0.0
76128533B16674973717653,9,4.026,4.12
76128533B16674973717653,10,0.8370967741935483,0.26
76128533B16674973717653,11,0.1826,0.19
76128533B16674973717653,12,0.11580645161290322,0.13
76128533B16674973717653,1,0.037290322580645165,0.02
76128533B16674973717653,2,0.012624113475177305,0.02
76128533B16674973717653,3,0.004387096774193549,0.0
76128533B16674973717653,4,0.004,0.0
76128533B16674973717653,5,0.008064516129032258,0.0
76128533B16674973717653,6,0.03746666666666667,0.02
76128533B16674973717653,7,2.252838709677419,0.87
76128533B16674973717653,8,6.767741935483871,6.03
76128533B16749627383755,9,2.3667333333333334,2.045
76128533B16749627383755,10,1.894774193548387,1.84
76128533B16749627383755,11,1.2149333333333334,1.18
76128533B16749627383755,12,0.7976129032258065,0.78
76128533B16749627383755,1,0.6076774193548387,0.59
76128533B16749627383755,2,0.5766666666666667,0.58
76128533B16749627383755,3,0.5653548387096775,0.56
76128533B16749627383755,4,0.5624,0.56
76128533B16749627383755,5,0.6347741935483872,0.56
76128533B16749627383755,6,1.1619333333333333,1.0750000000000002
76128533B16749627383755,7,1.872322580645161,1.67
76128533B16749627383755,8,2.3035483870967743,2.06
76128533B16781044866906,9,19.404466666666668,19.87
76128533B16781044866906,10,17.52425806451613,15.0
76128533B16781044866906,11,3.3284666666666665,3.0949999999999998
76128533B16781044866906,12,2.9092258064516128,2.74
76128533B16781044866906,1,2.6774193548387095,2.4
76128533B16781044866906,2,2.6029078014184397,2.3
76128533B16781044866906,3,2.398516129032258,2.13
76128533B16781044866906,4,2.388933333333333,2.045
76128533B16781044866906,5,2.0673548387096776,1.65
76128533B16781044866906,6,2.635666666666667,1.5
76128533B16781044866906,7,6.543612903225807,3.0
76128533B16781044866906,8,25.51993548387097,24.06
76128533B1711704044407,9,22.68626666666667,11.955
76128533B1711704044407,10,10.060645161290322,6.85
76128533B1711704044407,11,1.2761333333333333,0.915
76128533B1711704044407,12,0.4890322580645161,0.46
76128533B1711704044407,1,0.34116129032258063,0.33
76128533B1711704044407,2,0.24588652482269505,0.23
76128533B1711704044407,3,0.15303225806451612,0.16
76128533B1711704044407,4,0.09953333333333333,0.09
76128533B1711704044407,5,3.825354838709677,0.12
76128533B1711704044407,6,24.6814,9.23
76128533B1711704044407,7,74.68025806451614,69.63
76128533B1711704044407,8,30.869548387096774,18.32
76128533B17261532861377,9,0.9387333333333333,0.695
76128533B17261532861377,10,0.6724516129032259,0.57
76128533B17261532861377,11,0.14186666666666667,0.12
76128533B17261532861377,12,0.10380645161290322,0.1
76128533B17261532861377,1,0.08399999999999999,0.08
76128533B17261532861377,2,0.06780141843971632,0.06
76128533B17261532861377,3,0.04438709677419355,0.03
76128533B17261532861377,4,0.0278,0.0
76128533B17261532861377,5,0.016838709677419354,0.0
76128533B17261532861377,6,0.10913333333333335,0.0
76128533B17261532861377,7,0.29877419354838713,0.03
76128533B17261532861377,8,0.9194193548387096,0.8
76128533B17292264941997,9,1.5174,1.1949999999999998
76128533B17292264941997,10,0.2813548387096774,0.11
76128533B17292264941997,11,0.0708,0.07
76128533B17292264941997,12,0.06464516129032258,0.06
76128533B17292264941997,1,0.03761290322580645,0.03
76128533B17292264941997,2,0.02276595744680851,0.03
76128533B17292264941997,3,0.005741935483870968,0.0
76128533B17292264941997,4,0.0003333333333333334,0.0
76128533B17292264941997,5,0.0025161290322580645,0.0
76128533B17292264941997,6,0.25593333333333335,0.01
76128533B17292264941997,7,2.232451612903226,1.62
76128533B17292264941997,8,2.368193548387097,1.74
76128533B17472905712757,9,4.786666666666667,4.1850000000000005
76128533B17472905712757,10,4.375612903225806,3.98
76128533B17472905712757,11,1.6634,1.4849999999999999
76128533B17472905712757,12,0.7301290322580646,0.66
76128533B17472905712757,1,0.7034193548387097,0.61
76128533B17472905712757,2,1.630851063829787,1.62
76128533B17472905712757,3,2.9430967741935485,2.67
76128533B17472905712757,4,7.2741333333333325,6.595
76128533B17472905712757,5,8.882129032258065,8.06
76128533B17472905712757,6,10.7922,9.95
76128533B17472905712757,7,7.878774193548387,6.64
76128533B17472905712757,8,6.0598064516129035,5.4
76128533B17762399278073,9,1.2435333333333334,0.995
76128533B17762399278073,10,0.9959354838709678,0.86
76128533B17762399278073,11,0.2644,0.22
76128533B17762399278073,12,0.19174193548387097,0.19
76128533B17762399278073,1,0.1855483870967742,0.17
76128533B17762399278073,2,0.19184397163120567,0.19
76128533B17762399278073,3,0.1849032258064516,0.17
76128533B17762399278073,4,0.19606666666666667,0.19
76128533B17762399278073,5,0.2838709677419355,0.19
76128533B17762399278073,6,0.7513333333333333,0.22
76128533B17762399278073,7,0.8725806451612903,0.59
76128533B17762399278073,8,1.0336774193548388,0.96
76128533B17968019348564,9,51.8214,47.925
76128533B17968019348564,10,36.49083870967742,29.83
76128533B17968019348564,11,6.279133333333333,3.3
76128533B17968019348564,12,2.3703870967741936,2.24
76128533B17968019348564,1,1.986967741935484,1.73
76128533B17968019348564,2,2.117872340425532,1.81
76128533B17968019348564,3,2.9365806451612904,1.72
76128533B17968019348564,4,6.920266666666667,5.2
76128533B17968019348564,5,21.003548387096775,12.15
76128533B17968019348564,6,66.51313333333333,55.62
76128533B17968019348564,7,85.57064516129033,72.62
76128533B17968019348564,8,81.02741935483871,82.56
76128533B18668117085772,9,49.683733333333336,50.11
76128533B18668117085772,10,30.985419354838708,30.33
76128533B18668117085772,11,15.776533333333333,15.309999999999999
76128533B18668117085772,12,12.064129032258064,12.06
76128533B18668117085772,1,10.570129032258066,10.56
76128533B18668117085772,2,9.757659574468084,9.91
76128533B18668117085772,3,9.055870967741937,9.26
76128533B18668117085772,4,8.711866666666667,8.74
76128533B18668117085772,5,15.413419354838709,9.5
76128533B18668117085772,6,80.1506,79.355
76128533B18668117085772,7,90.58470967741935,81.6
76128533B18668117085772,8,67.70445161290323,62.97
76128533B1875965515331,9,3.7159999999999997,3.16
76128533B1875965515331,10,2.2371612903225806,1.61
76128533B1875965515331,11,0.5876666666666667,0.31
76128533B1875965515331,12,0.26948387096774196,0.26
76128533B1875965515331,1,0.23019354838709677,0.22
76128533B1875965515331,2,0.20035460992907803,0.19
76128533B1875965515331,3,0.33896774193548385,0.19
76128533B1875965515331,4,1.8334,0.19
76128533B1875965515331,5,1.7959354838709678,0.56
76128533B1875965515331,6,4.125066666666666,2.705
76128533B1875965515331,7,5.731806451612903,4.35
76128533B1875965515331,8,5.803612903225807,5.15
76128533B18802630191461,9,2.9673333333333334,2.105
76128533B18802630191461,10,1.9033548387096773,1.43
76128533B18802630191461,11,0.39366666666666666,0.34
76128533B18802630191461,12,0.31064516129032255,0.26
76128533B18802630191461,1,0.24470967741935484,0.19
76128533B18802630191461,2,0.18581560283687942,0.12
76128533B18802630191461,3,0.1292258064516129,0.06
76128533B18802630191461,4,0.089,0.0
76128533B18802630191461,5,0.05967741935483871,0.0
76128533B18802630191461,6,0.17333333333333334,0.0
76128533B18802630191461,7,0.8349677419354838,0.09
76128533B18802630191461,8,2.3158709677419353,1.81
76128533B18931932305748,9,9.150466666666667,6.37
76128533B18931932305748,10,6.491612903225807,4.71
76128533B18931932305748,11,1.6874,1.4449999999999998
76128533B18931932305748,12,1.9460645161290322,1.15
76128533B18931932305748,1,0.9511612903225807,0.91
76128533B18931932305748,2,0.7514184397163121,0.7
76128533B18931932305748,3,0.574258064516129,0.56
76128533B18931932305748,4,0.36733333333333335,0.31
76128533B18931932305748,5,0.22238709677419355,0.12
76128533B18931932305748,6,3.6700666666666666,0.165
76128533B18931932305748,7,6.857483870967743,0.52
76128533B18931932305748,8,9.933870967741935,8.12
76128533B19341883513630,9,29.1394,24.939999999999998
76128533B19341883513630,10,6.743483870967742,3.44
76128533B19341883513630,11,0.8818666666666667,0.91
76128533B19341883513630,12,0.47458064516129034,0.43
76128533B19341883513630,1,0.2261935483870968,0.2
76128533B19341883513630,2,0.21822695035460993,0.22
76128533B19341883513630,3,0.22161290322580646,0.22
76128533B19341883513630,4,0.24806666666666669,0.25
76128533B19341883513630,5,0.3043225806451613,0.25
76128533B19341883513630,6,1.4380666666666666,0.28
76128533B19341883513630,7,19.039483870967743,13.13
76128533B19341883513630,8,26.64174193548387,23.89
76128533B19581555782120,9,17.387466666666665,11.11
76128533B19581555782120,10,14.765870967741936,12.93
76128533B19581555782120,11,19.612533333333335,9.315
76128533B19581555782120,12,7.941677419354839,5.35
76128533B19581555782120,1,3.1296129032258064,1.58
76128533B19581555782120,2,1.5036879432624115,1.44
76128533B19581555782120,3,1.6793548387096775,1.5
76128533B19581555782120,4,4.490333333333333,4.09
76128533B19581555782120,5,11.921612903225807,5.71
76128533B19581555782120,6,14.6164,7.7
76128533B19581555782120,7,23.162000000000003,17.24
76128533B19581555782120,8,22.439225806451613,17.79
76128533B19792346411952,9,1.8028666666666666,1.585
76128533B19792346411952,10,1.5288387096774194,1.34
76128533B19792346411952,11,1.074,1.0350000000000001
76128533B19792346411952,12,0.5246451612903227,0.44
76128533B19792346411952,1,0.16251612903225807,0.14
76128533B19792346411952,2,0.1200709219858156,0.12
76128533B19792346411952,3,0.10883870967741936,0.11
76128533B19792346411952,4,0.092,0.09
76128533B19792346411952,5,0.11148387096774194,0.09
76128533B19792346411952,6,0.14793333333333333,0.12
76128533B19792346411952,7,1.1547096774193548,0.58
76128533B19792346411952,8,1.250258064516129,1.21
76128533B19832024635761,9,4.608666666666666,3.435
76128533B19832024635761,10,2.9941290322580643,2.4
76128533B19832024635761,11,2.3428666666666667,2.31
76128533B19832024635761,12,2.1283870967741936,2.01
76128533B19832024635761,1,2.3648387096774193,2.06
76128533B19832024635761,2,2.4695744680851064,2.31
76128533B19832024635761,3,2.4653548387096773,2.25
76128533B19832024635761,4,2.5552666666666664,2.53
76128533B19832024635761,5,2.970516129032258,2.62
76128533B19832024635761,6,3.3382,2.75
76128533B19832024635761,7,5.307161290322581,4.04
76128533B19832024635761,8,4.339612903225806,3.83
76128533B19898496046456,9,3.4742,3.25
76128533B19898496046456,10,3.2463870967741935,2.92
76128533B19898496046456,11,1.1216000000000002,1.01
76128533B19898496046456,12,0.39,0.34
76128533B19898496046456,1,0.3465161290322581,0.3
76128533B19898496046456,2,0.7656737588652482,0.56
76128533B19898496046456,3,1.2841290322580645,1.03
76128533B19898496046456,4,3.5907333333333336,3.14
76128533B19898496046456,5,4.376193548387096,3.97
76128533B19898496046456,6,5.963466666666666,5.48
76128533B19898496046456,7,5.245483870967742,4.71
76128533B19898496046456,8,4.609999999999999,4.09
76128533B19903856317609,9,14.672733333333332,13.91
76128533B19903856317609,10,10.966838709677418,10.32
76128533B19903856317609,11,2.6408666666666667,2.46
76128533B19903856317609,12,2.2592903225806453,2.2
76128533B19903856317609,1,2.032516129032258,1.89
76128533B19903856317609,2,2.238439716312057,2.03
76128533B19903856317609,3,2.0195483870967745,1.97
76128533B19903856317609,4,2.4138,2.355
76128533B19903856317609,5,2.1314193548387097,1.97
76128533B19903856317609,6,5.7736,1.97
76128533B19903856317609,7,8.467290322580645,3.72
76128533B19903856317609,8,14.874451612903226,13.03
76128533B20298037622173,9,5.175666666666666,4.76
76128533B20298037622173,10,6.508774193548387,5.24
76128533B20298037622173,11,1.0282,0.585
76128533B20298037622173,12,0.3911612903225807,0.39
76128533B20298037622173,1,0.30806451612903224,0.31
76128533B20298037622173,2,0.3057446808510638,0.25
76128533B20298037622173,3,0.20800000000000002,0.19
76128533B20298037622173,4,0.5577333333333333,0.19
76128533B20298037622173,5,3.819483870967742,2.0
76128533B20298037622173,6,9.576266666666667,8.32
76128533B20298037622173,7,6.615612903225807,5.44
76128533B20298037622173,8,7.17225806451613,6.93
76128533B20307518801538,9,3.520466666666667,3.45
76128533B20307518801538,10,2.55341935483871,1.81
76128533B20307518801538,11,0.35513333333333336,0.23
76128533B20307518801538,12,0.15864516129032258,0.16
76128533B20307518801538,1,0.12187096774193548,0.12
76128533B20307518801538,2,0.0997872340425532,0.09
76128533B20307518801538,3,0.14393548387096775,0.06
76128533B20307518801538,4,0.37953333333333333,0.19
76128533B20307518801538,5,2.6038709677419356,0.41
76128533B20307518801538,6,8.2194,4.640000000000001
76128533B20307518801538,7,6.490193548387097,5.81
76128533B20307518801538,8,5.887419354838709,5.32
76128533B20458430922604,9,0.8868666666666667,0.805
76128533B20458430922604,10,0.4659354838709677,0.4
76128533B20458430922604,11,0.23540000000000003,0.17
76128533B20458430922604,12,0.13993548387096774,0.12
76128533B20458430922604,1,0.11458064516129034,0.11
76128533B20458430922604,2,0.10319148936170212,0.11
76128533B20458430922604,3,0.09593548387096773,0.09
76128533B20458430922604,4,0.0818,0.09
76128533B20458430922604,5,0.06903225806451613,0.06
76128533B20458430922604,6,0.15813333333333332,0.09
76128533B20458430922604,7,1.1616774193548387,1.11
76128533B20458430922604,8,1.0995483870967742,0.89
76128533B20502827346807,9,1.7083333333333333,1.745
76128533B20502827346807,10,0.9976774193548387,0.98
76128533B20502827346807,11,0.2868,0.24
76128533B20502827346807,12,0.07993548387096774,0.08
76128533B20502827346807,1,0.05761290322580645,0.06
76128533B20502827346807,2,0.04354609929078014,0.05
76128533B20502827346807,3,0.02464516129032258,0.03
76128533B20502827346807,4,0.0162,0.03
76128533B20502827346807,5,0.000967741935483871,0.0
76128533B20502827346807,6,0.0392,0.0
76128533B20502827346807,7,0.511483870967742,0.26
76128533B20502827346807,8,1.8386451612903227,1.67
76128533B20504715877560,9,18.8884,18.165
76128533B20504715877560,10,10.478451612903227,10.27
76128533B20504715877560,11,5.773733333333333,5.525
76128533B20504715877560,12,4.3349032258064515,4.35
76128533B20504715877560,1,4.035354838709678,4.09
76128533B20504715877560,2,3.8158156028368793,3.88
76128533B20504715877560,3,3.7161290322580647,3.75
76128533B20504715877560,4,4.176733333333333,4.15
76128533B20504715877560,5,4.948516129032258,4.78
76128533B20504715877560,6,17.9678,10.04
76128533B20504715877560,7,44.58129032258065,41.85
76128533B20504715877560,8,27.63032258064516,24.41
76128533B20683890392439,9,16.934666666666665,14.96
76128533B20683890392439,10,8.10316129032258,7.53
76128533B20683890392439,11,1.6731333333333334,0.97
76128533B20683890392439,12,0.6301935483870968,0.6
76128533B20683890392439,1,0.39883870967741936,0.41
76128533B20683890392439,2,0.16269503546099293,0.16
76128533B20683890392439,3,0.06154838709677419,0.06
76128533B20683890392439,4,0.0422,0.03
76128533B20683890392439,5,0.05522580645161291,0.03
76128533B20683890392439,6,0.1814,0.06
76128533B20683890392439,7,7.669032258064516,6.53
76128533B20683890392439,8,19.52625806451613,17.45
76128533B2080752988715,9,0.338,0.10500000000000001
76128533B2080752988715,10,0.06503225806451612,0.02
76128533B2080752988715,11,0.0063999999999999994,0.0
76128533B2080752988715,12,0.0021935483870967744,0.0
76128533B2080752988715,1,0.0,0.0
76128533B2080752988715,2,0.0,0.0
76128533B2080752988715,3,0.0,0.0
76128533B2080752988715,4,0.0,0.0
76128533B2080752988715,5,0.0013548387096774194,0.0
76128533B2080752988715,6,0.0037999999999999996,0.0
76128533B2080752988715,7,0.08929032258064516,0.02
76128533B2080752988715,8,0.09806451612903225,0.0
76128533B21179322085415,9,5.628,5.495
76128533B21179322085415,10,3.266322580645161,3.18
76128533B21179322085415,11,0.9805333333333334,0.875
76128533B21179322085415,12,0.25593548387096776,0.24
76128533B21179322085415,1,0.18658064516129033,0.19
76128533B21179322085415,2,0.13148936170212766,0.12
76128533B21179322085415,3,0.08129032258064516,0.09
76128533B21179322085415,4,0.0412,0.03
76128533B21179322085415,5,0.011870967741935483,0.0
76128533B21179322085415,6,0.06786666666666666,0.0
76128533B21179322085415,7,2.943290322580645,1.99
76128533B21179322085415,8,6.487096774193549,7.07
76128533B21485639457044,9,7.323466666666667,5.66
76128533B21485639457044,10,3.9881935483870965,3.06
76128533B21485639457044,11,0.5014666666666666,0.54
76128533B21485639457044,12,0.35051612903225804,0.4
76128533B21485639457044,1,0.22374193548387097,0.2
76128533B21485639457044,2,0.17602836879432623,0.12
76128533B21485639457044,3,0.1409677419354839,0.12
76128533B21485639457044,4,0.12213333333333333,0.12
76128533B21485639457044,5,0.13703225806451613,0.09
76128533B21485639457044,6,2.1877333333333335,0.12
76128533B21485639457044,7,4.580967741935484,2.16
76128533B21485639457044,8,8.074709677419355,7.2
76128533B21722277889516,9,8.765266666666667,7.385
76128533B21722277889516,10,5.222967741935483,4.83
76128533B21722277889516,11,1.2910000000000001,0.82
76128533B21722277889516,12,0.6478064516129032,0.63
76128533B21722277889516,1,0.5225806451612903,0.5
76128533B21722277889516,2,0.5094326241134751,0.49
76128533B21722277889516,3,0.5505806451612903,0.44
76128533B21722277889516,4,1.6522666666666668,0.73
76128533B21722277889516,5,3.3578064516129036,0.94
76128533B21722277889516,6,10.055733333333333,7.88
76128533B21722277889516,7,13.96032258064516,11.88
76128533B21722277889516,8,11.282064516129033,9.79
76128533B21922686388534,9,69.22506666666666,55.04
76128533B21922686388534,10,55.045032258064516,50.64
76128533B21922686388534,11,14.264466666666667,12.43
76128533B21922686388534,12,9.464451612903225,8.75
76128533B21922686388534,1,8.617870967741935,7.91
76128533B21922686388534,2,8.49177304964539,7.65
76128533B21922686388534,3,7.863225806451613,7.15
76128533B21922686388534,4,7.726000000000001,7.28
76128533B21922686388534,5,9.141032258064515,7.49
76128533B21922686388534,6,14.634666666666666,8.18
76128533B21922686388534,7,42.802193548387095,17.32
76128533B21922686388534,8,73.43167741935484,69.31
76128533B22439249004073,9,1.3943333333333334,1.295
76128533B22439249004073,10,0.2455483870967742,0.12
76128533B22439249004073,11,0.0454,0.05
76128533B22439249004073,12,0.03270967741935484,0.03
76128533B22439249004073,1,0.012258064516129031,0.0
76128533B22439249004073,2,0.0,0.0
76128533B22439249004073,3,0.0,0.0
76128533B22439249004073,4,0.00039999999999999996,0.0
76128533B22439249004073,5,0.001161290322580645,0.0
76128533B22439249004073,6,0.05513333333333333,0.0
76128533B22439249004073,7,1.4096774193548387,0.78
76128533B22439249004073,8,2.702709677419355,2.5
76128533B22471914548132,9,0.34846666666666665,0.12
76128533B22471914548132,10,0.7747741935483872,0.15
76128533B22471914548132,11,5.891,0.195
76128533B22471914548132,12,3.2696129032258066,0.31
76128533B22471914548132,1,0.5441290322580645,0.09
76128533B22471914548132,2,0.06978723404255319,0.06
76128533B22471914548132,3,0.09303225806451614,0.09
76128533B22471914548132,4,0.08813333333333333,0.09
76128533B22471914548132,5,0.1525806451612903,0.06
76128533B22471914548132,6,0.2202,0.06
76128533B22471914548132,7,0.2681290322580645,0.11
76128533B22471914548132,8,0.4567096774193548,0.11
76128533B22587307937261,9,1.9696,2.035
76128533B22587307937261,10,2.2960645161290323,1.98
76128533B22587307937261,11,1.4159333333333333,1.26
76128533B22587307937261,12,1.068451612903226,0.71
76128533B22587307937261,1,0.3075483870967742,0.22
76128533B22587307937261,2,0.23822695035460995,0.19
76128533B22587307937261,3,0.2124516129032258,0.19
76128533B22587307937261,4,0.21820000000000003,0.19
76128533B22587307937261,5,0.7623870967741936,0.44
76128533B22587307937261,6,1.0656666666666665,0.775
76128533B22587307937261,7,1.5192903225806451,1.47
76128533B22587307937261,8,1.2539354838709678,1.28
76128533B22715430000002,9,30.528066666666668,28.104999999999997
76128533B22715430000002,10,22.146516129032257,18.63
76128533B22715430000002,11,7.364866666666667,5.4
76128533B22715430000002,12,2.995548387096774,2.79
76128533B22715430000002,1,2.630258064516129,2.56
76128533B22715430000002,2,2.5816312056737587,2.52
76128533B22715430000002,3,3.086064516129032,2.66
76128533B22715430000002,4,6.175133333333333,5.734999999999999
76128533B22715430000002,5,16.664322580645162,12.09
76128533B22715430000002,6,35.73746666666666,30.990000000000002
76128533B22715430000002,7,44.0676129032258,40.21
76128533B22715430000002,8,36.650516129032255,36.84
76128533B22722327711505,9,0.07626666666666666,0.04
76128533B22722327711505,10,0.029741935483870968,0.02
76128533B22722327711505,11,0.013600000000000001,0.01
76128533B22722327711505,12,0.018129032258064517,0.01
76128533B22722327711505,1,0.029870967741935484,0.02
76128533B22722327711505,2,0.016312056737588652,0.02
76128533B22722327711505,3,0.010387096774193548,0.0
76128533B22722327711505,4,0.0088,0.0
76128533B22722327711505,5,0.028645161290322577,0.02
76128533B22722327711505,6,0.03733333333333333,0.03
76128533B22722327711505,7,0.11380645161290323,0.08
76128533B22722327711505,8,0.08845161290322581,0.06
76128533B22732185131019,9,0.107,0.03
76128533B22732185131019,10,0.019935483870967743,0.0
76128533B22732185131019,11,0.016066666666666667,0.0
76128533B22732185131019,12,0.4532258064516129,0.37
76128533B22732185131019,1,0.24638709677419354,0.17
76128533B22732185131019,2,0.01602836879432624,0.0
76128533B22732185131019,3,0.009419354838709678,0.0
76128533B22732185131019,4,0.009133333333333334,0.0
76128533B22732185131019,5,0.016709677419354838,0.0
76128533B22732185131019,6,0.0658,0.0
76128533B22732185131019,7,0.3042580645161291,0.14
76128533B22732185131019,8,0.27348387096774196,0.13
76128533B23092176497025,9,32.88413333333333,28.075
76128533B23092176497025,10,26.405483870967743,24.0
76128533B23092176497025,11,16.909733333333335,16.0
76128533B23092176497025,12,11.559806451612904,11.19
76128533B23092176497025,1,9.483548387096775,9.35
76128533B23092176497025,2,9.034042553191489,8.98
76128533B23092176497025,3,8.776451612903225,8.73
76128533B23092176497025,4,8.889466666666667,8.84
76128533B23092176497025,5,10.248129032258065,9.3
76128533B23092176497025,6,16.684733333333334,15.235
76128533B23092176497025,7,24.9561935483871,22.55
76128533B23092176497025,8,31.98903225806452,27.51
76128533B23735146933631,9,1.1729333333333334,1.16
76128533B23735146933631,10,0.6941290322580645,0.66
76128533B23735146933631,11,0.36593333333333333,0.35
76128533B23735146933631,12,0.24787096774193548,0.25
76128533B23735146933631,1,0.2703225806451613,0.23
76128533B23735146933631,2,0.2872340425531915,0.25
76128533B23735146933631,3,0.3521290322580645,0.31
76128533B23735146933631,4,0.27040000000000003,0.25
76128533B23735146933631,5,0.2343225806451613,0.22
76128533B23735146933631,6,0.2210666666666667,0.22
76128533B23735146933631,7,0.5272258064516129,0.3
76128533B23735146933631,8,1.3177419354838709,1.09
76128533B23956636471502,9,5.799733333333333,4.655
76128533B23956636471502,10,2.930967741935484,2.8
76128533B23956636471502,11,1.7684,1.8050000000000002
76128533B23956636471502,12,3.161483870967742,3.07
76128533B23956636471502,1,1.091483870967742,0.83
76128533B23956636471502,2,0.7221985815602837,0.56
76128533B23956636471502,3,0.5846451612903226,0.56
76128533B23956636471502,4,0.48,0.44
76128533B23956636471502,5,0.456,0.47
76128533B23956636471502,6,0.53,0.445
76128533B23956636471502,7,4.394193548387097,1.8
76128533B23956636471502,8,13.303999999999998,12.61
76128533B24017517661394,9,20.194,18.255000000000003
76128533B24017517661394,10,14.933677419354838,13.39
76128533B24017517661394,11,4.447666666666667,3.77
76128533B24017517661394,12,1.5223225806451612,1.39
76128533B24017517661394,1,1.3367096774193548,1.26
76128533B24017517661394,2,1.8578014184397162,1.67
76128533B24017517661394,3,3.3445806451612903,2.69
76128533B24017517661394,4,10.233066666666668,9.165
76128533B24017517661394,5,18.519483870967743,16.54
76128533B24017517661394,6,29.027466666666665,25.39
76128533B24017517661394,7,25.11058064516129,23.27
76128533B24017517661394,8,22.886516129032255,21.91
76128533B24101991435637,9,1.1714666666666667,1.16
76128533B24101991435637,10,0.7839999999999999,0.7
76128533B24101991435637,11,0.1494,0.15
76128533B24101991435637,12,0.1250967741935484,0.12
76128533B24101991435637,1,0.10696774193548386,0.1
76128533B24101991435637,2,0.10631205673758866,0.09
76128533B24101991435637,3,0.08670967741935484,0.06
76128533B24101991435637,4,0.07706666666666667,0.06
76128533B24101991435637,5,0.06490322580645162,0.06
76128533B24101991435637,6,0.329,0.06
76128533B24101991435637,7,0.6788387096774193,0.14
76128533B24101991435637,8,1.538774193548387,1.62
76128533B24755983727265,9,30.3908,27.705
76128533B24755983727265,10,25.286516129032258,21.08
76128533B24755983727265,11,4.665066666666666,3.92
76128533B24755983727265,12,3.279548387096774,3.33
76128533B24755983727265,1,3.031483870967742,3.0
76128533B24755983727265,2,3.272765957446808,3.16
76128533B24755983727265,3,3.2003870967741936,3.06
76128533B24755983727265,4,3.562266666666667,3.35
76128533B24755983727265,5,5.185741935483871,4.25
76128533B24755983727265,6,9.025733333333333,5.84
76128533B24755983727265,7,23.690645161290323,23.21
76128533B24755983727265,8,31.482774193548387,33.28
76128533B25020556592153,9,2.7697333333333334,1.76
76128533B25020556592153,10,0.48670967741935484,0.14
76128533B25020556592153,11,0.10713333333333333,0.08
76128533B25020556592153,12,0.07374193548387097,0.08
76128533B25020556592153,1,0.04909677419354839,0.05
76128533B25020556592153,2,0.01879432624113475,0.02
76128533B25020556592153,3,0.00567741935483871,0.0
76128533B25020556592153,4,0.004933333333333333,0.0
76128533B25020556592153,5,0.00961290322580645,0.0
76128533B25020556592153,6,0.6819999999999999,0.03
76128533B25020556592153,7,5.099806451612904,3.47
76128533B25020556592153,8,4.137612903225807,2.37
76128533B25344721013980,9,1.6969333333333332,0.33
76128533B25344721013980,10,0.4531612903225806,0.14
76128533B25344721013980,11,0.09453333333333333,0.1
76128533B25344721013980,12,0.07619354838709677,0.06
76128533B25344721013980,1,0.042774193548387095,0.03
76128533B25344721013980,2,0.022127659574468085,0.02
76128533B25344721013980,3,0.01,0.0
76128533B25344721013980,4,0.0082,0.0
76128533B25344721013980,5,0.0072903225806451605,0.0
76128533B25344721013980,6,0.0396,0.02
76128533B25344721013980,7,1.8828387096774193,0.11
76128533B25344721013980,8,1.4411612903225806,0.11
76128533B25448742967716,9,2.9742666666666664,2.63
76128533B25448742967716,10,2.769741935483871,2.24
76128533B25448742967716,11,0.8197333333333333,0.69
76128533B25448742967716,12,0.3101935483870968,0.26
76128533B25448742967716,1,0.27696774193548385,0.26
76128533B25448742967716,2,0.6814893617021277,0.49
76128533B25448742967716,3,0.9658064516129031,0.69
76128533B25448742967716,4,3.8471333333333337,2.89
76128533B25448742967716,5,4.442387096774194,4.04
76128533B25448742967716,6,5.118866666666667,4.4399999999999995
76128533B25448742967716,7,4.322193548387097,3.92
76128533B25448742967716,8,3.379354838709677,2.91
76128533B25468964623139,9,2.7614666666666667,2.86
76128533B25468964623139,10,0.8543225806451612,0.75
76128533B25468964623139,11,0.11633333333333333,0.12
76128533B25468964623139,12,0.08774193548387096,0.09
76128533B25468964623139,1,0.052903225806451605,0.06
76128533B25468964623139,2,0.019361702127659575,0.0
76128533B25468964623139,3,0.000967741935483871,0.0
76128533B25468964623139,4,0.0,0.0
76128533B25468964623139,5,0.0,0.0
76128533B25468964623139,6,0.027533333333333333,0.0
76128533B25468964623139,7,1.071032258064516,0.34
76128533B25468964623139,8,3.368709677419355,2.75
76128533B25679991785711,9,0.8981333333333333,0.88
76128533B25679991785711,10,0.14193548387096774,0.05
76128533B25679991785711,11,0.034,0.04
76128533B25679991785711,12,0.015225806451612903,0.01
76128533B25679991785711,1,0.0029677419354838712,0.0
76128533B25679991785711,2,0.0,0.0
76128533B25679991785711,3,0.0,0.0
76128533B25679991785711,4,0.0,0.0
76128533B25679991785711,5,0.0017419354838709678,0.0
76128533B25679991785711,6,0.028666666666666667,0.0
76128533B25679991785711,7,0.7738709677419355,0.17
76128533B25679991785711,8,1.5078064516129033,0.94
76128533B2576169508425,9,2.7666,2.53
76128533B2576169508425,10,2.695225806451613,2.37
76128533B2576169508425,11,2.9885333333333333,2.725
76128533B2576169508425,12,1.8270322580645162,1.58
76128533B2576169508425,1,0.993483870967742,0.72
76128533B2576169508425,2,0.5579432624113475,0.5
76128533B2576169508425,3,0.43406451612903224,0.44
76128533B2576169508425,4,0.6249333333333333,0.56
76128533B2576169508425,5,2.4248387096774193,1.09
76128533B2576169508425,6,3.6184,2.795
76128533B2576169508425,7,3.607741935483871,3.21
76128533B2576169508425,8,3.3933548387096777,3.26
76128533B25835998628545,9,184.65286666666668,161.74
76128533B25835998628545,10,161.09748387096775,113.82
76128533B25835998628545,11,28.53933333333333,21.44
76128533B25835998628545,12,9.544193548387096,9.5
76128533B25835998628545,1,8.379806451612902,8.38
76128533B25835998628545,2,7.690851063829788,7.57
76128533B25835998628545,3,7.448129032258064,6.96
76128533B25835998628545,4,23.415733333333336,8.05
76128533B25835998628545,5,88.45451612903226,37.37
76128533B25835998628545,6,337.64799999999997,227.84
76128533B25835998628545,7,273.7873548387097,223.39
76128533B25835998628545,8,264.3976774193548,260.82
76128533B26755490628656,9,4.4459333333333335,3.09
76128533B26755490628656,10,1.1155483870967742,0.26
76128533B26755490628656,11,0.2624666666666666,0.23
76128533B26755490628656,12,0.19941935483870968,0.2
76128533B26755490628656,1,0.18225806451612903,0.16
76128533B26755490628656,2,0.13085106382978723,0.12
76128533B26755490628656,3,0.1009032258064516,0.09
76128533B26755490628656,4,0.07393333333333334,0.09
76128533B26755490628656,5,0.048903225806451615,0.06
76128533B26755490628656,6,0.2843333333333333,0.03
76128533B26755490628656,7,8.421612903225807,4.73
76128533B26755490628656,8,6.233354838709677,2.78
76128533B26964150246712,9,954.1997333333333,840.4000000000001
76128533B26964150246712,10,750.8249677419354,723.44
76128533B26964150246712,11,489.09006666666664,461.92499999999995
76128533B26964150246712,12,334.13032258064516,324.09
76128533B26964150246712,1,277.8883225806452,273.16
76128533B26964150246712,2,258.78411347517726,256.04
76128533B26964150246712,3,243.21967741935487,241.1
76128533B26964150246712,4,242.97733333333332,241.38
76128533B26964150246712,5,281.8698064516129,265.07
76128533B26964150246712,6,469.59119999999996,409.21500000000003
76128533B26964150246712,7,851.2907741935485,828.85
76128533B26964150246712,8,1017.3551612903225,844.28
76128533B27414563922025,9,1.3378666666666668,1.065
76128533B27414563922025,10,0.787741935483871,0.66
76128533B27414563922025,11,0.15393333333333334,0.13
76128533B27414563922025,12,0.11025806451612903,0.1
76128533B27414563922025,1,0.08135483870967741,0.08
76128533B27414563922025,2,0.057943262411347514,0.05
76128533B27414563922025,3,0.03464516129032258,0.03
76128533B27414563922025,4,0.016,0.0
76128533B27414563922025,5,0.01496774193548387,0.0
76128533B27414563922025,6,0.37939999999999996,0.0
76128533B27414563922025,7,0.8047741935483871,0.06
76128533B27414563922025,8,1.4514838709677418,1.43
76128533B27432148084533,9,6.736266666666667,6.449999999999999
76128533B27432148084533,10,6.7138064516129035,5.73
76128533B27432148084533,11,1.2294,1.09
76128533B27432148084533,12,0.9410967741935484,0.97
76128533B27432148084533,1,0.8703225806451613,0.89
76128533B27432148084533,2,0.8914184397163121,0.86
76128533B27432148084533,3,0.8538064516129032,0.87
76128533B27432148084533,4,0.8377333333333333,0.85
76128533B27432148084533,5,1.1958709677419355,1.09
76128533B27432148084533,6,1.9438666666666666,1.2349999999999999
76128533B27432148084533,7,5.0280645161290325,5.49
76128533B27432148084533,8,7.41541935483871,7.15
76128533B27615708126939,9,11.014066666666666,9.614999999999998
76128533B27615708126939,10,5.279870967741935,4.83
76128533B27615708126939,11,1.1972666666666667,0.69
76128533B27615708126939,12,0.46683870967741936,0.46
76128533B27615708126939,1,0.3465161290322581,0.34
76128533B27615708126939,2,0.2424113475177305,0.25
76128533B27615708126939,3,0.16516129032258065,0.16
76128533B27615708126939,4,0.15946666666666667,0.16
76128533B27615708126939,5,0.1661935483870968,0.16
76128533B27615708126939,6,0.4492,0.19
76128533B27615708126939,7,3.9868387096774196,2.22
76128533B27615708126939,8,11.798322580645161,11.45
76128533B2782141712775,9,1.2479333333333333,1.18
76128533B2782141712775,10,0.47419354838709676,0.45
76128533B2782141712775,11,0.21126666666666669,0.21
76128533B2782141712775,12,0.19129032258064518,0.19
76128533B2782141712775,1,0.17625806451612902,0.17
76128533B2782141712775,2,0.16156028368794326,0.16
76128533B2782141712775,3,0.14522580645161293,0.16
76128533B2782141712775,4,0.1328,0.12
76128533B2782141712775,5,0.26483870967741935,0.25
76128533B2782141712775,6,3.0704,0.995
76128533B2782141712775,7,5.5358709677419355,4.89
76128533B2782141712775,8,1.7496129032258065,1.58
76128533B28294794137747,9,0.48153333333333337,0.335
76128533B28294794137747,10,0.40438709677419354,0.19
76128533B28294794137747,11,0.08073333333333332,0.04
76128533B28294794137747,12,0.048129032258064516,0.03
76128533B28294794137747,1,0.012838709677419355,0.02
76128533B28294794137747,2,0.0006382978723404255,0.0
76128533B28294794137747,3,0.0013548387096774194,0.0
76128533B28294794137747,4,0.001,0.0
76128533B28294794137747,5,0.014129032258064516,0.0
76128533B28294794137747,6,0.029266666666666663,0.0
76128533B28294794137747,7,0.34251612903225803,0.08
76128533B28294794137747,8,0.3636774193548387,0.28
76128533B28397307540277,9,8.166133333333335,8.08
76128533B28397307540277,10,7.301548387096775,6.6
76128533B28397307540277,11,3.5258,3.435
76128533B28397307540277,12,1.734258064516129,1.38
76128533B28397307540277,1,0.702967741935484,0.67
76128533B28397307540277,2,0.7113475177304964,0.63
76128533B28397307540277,3,0.6721290322580644,0.59
76128533B28397307540277,4,0.6487333333333334,0.59
76128533B28397307540277,5,1.6935483870967742,0.94
76128533B28397307540277,6,3.1140000000000003,2.335
76128533B28397307540277,7,4.796193548387096,4.68
76128533B28397307540277,8,4.280838709677419,4.28
76128533B284680734793,9,0.9106000000000001,0.065
76128533B284680734793,10,0.7289677419354839,0.05
76128533B284680734793,11,0.02033333333333333,0.01
76128533B284680734793,12,0.004129032258064516,0.0
76128533B284680734793,1,0.0042580645161290325,0.0
76128533B284680734793,2,0.22617021276595745,0.23
76128533B284680734793,3,0.22200000000000003,0.22
76128533B284680734793,4,0.22540000000000002,0.22
76128533B284680734793,5,0.46877419354838706,0.22
76128533B284680734793,6,0.03613333333333333,0.03
76128533B284680734793,7,0.8432258064516128,0.05
76128533B284680734793,8,0.8348387096774194,0.05
76128533B28521131010314,9,210.37186666666665,189.55
76128533B28521131010314,10,38.041870967741936,27.05
76128533B28521131010314,11,6.946000000000001,7.21
76128533B28521131010314,12,4.656387096774194,5.0
76128533B28521131010314,1,2.132903225806452,1.65
76128533B28521131010314,2,1.4051063829787234,1.4
76128533B28521131010314,3,1.3826451612903226,1.38
76128533B28521131010314,4,1.5206666666666666,1.53
76128533B28521131010314,5,1.7726451612903225,1.59
76128533B28521131010314,6,10.233533333333334,1.84
76128533B28521131010314,7,172.97058064516128,134.83
76128533B28521131010314,8,342.8446451612903,314.5
76128533B29138015770556,9,8.471466666666666,6.77
76128533B29138015770556,10,5.37,4.35
76128533B29138015770556,11,2.255933333333333,1.87
76128533B29138015770556,12,0.8349032258064516,0.69
76128533B29138015770556,1,0.5918709677419355,0.58
76128533B29138015770556,2,0.5308510638297872,0.53
76128533B29138015770556,3,0.520774193548387,0.47
76128533B29138015770556,4,0.44179999999999997,0.44
76128533B29138015770556,5,0.47967741935483865,0.45
76128533B29138015770556,6,0.4264,0.37
76128533B29138015770556,7,6.538645161290322,2.6
76128533B29138015770556,8,5.039935483870968,4.36
76128533B29292403538801,9,6.275933333333334,2.66
76128533B29292403538801,10,13.451225806451614,5.41
76128533B29292403538801,11,40.7142,2.575
76128533B29292403538801,12,14.179483870967744,2.18
76128533B29292403538801,1,2.1451612903225805,1.01
76128533B29292403538801,2,0.135177304964539,0.09
76128533B29292403538801,3,0.118,0.09
76128533B29292403538801,4,0.14746666666666666,0.12
76128533B29292403538801,5,0.8511612903225807,0.23
76128533B29292403538801,6,1.3728,0.31
76128533B29292403538801,7,3.696,1.9
76128533B29292403538801,8,14.13483870967742,2.64
76128533B29293163114565,9,91.0228,79.16499999999999
76128533B29293163114565,10,82.01348387096775,71.78
76128533B29293163114565,11,19.947400000000002,17.240000000000002
76128533B29293163114565,12,12.480774193548386,12.68
76128533B29293163114565,1,11.332129032258065,11.27
76128533B29293163114565,2,11.679929078014183,11.5
76128533B29293163114565,3,11.537225806451612,10.97
76128533B29293163114565,4,12.892333333333333,12.24
76128533B29293163114565,5,17.376451612903224,15.14
76128533B29293163114565,6,30.28853333333333,21.415
76128533B29293163114565,7,81.26645161290323,79.72
76128533B29293163114565,8,99.72187096774194,103.23
76128533B29330052395581,9,2.6252666666666666,2.16
76128533B29330052395581,10,2.7609677419354837,2.49
76128533B29330052395581,11,2.8345333333333333,2.64
76128533B29330052395581,12,1.6701290322580646,1.44
76128533B29330052395581,1,0.6708387096774194,0.56
76128533B29330052395581,2,0.36737588652482267,0.33
76128533B29330052395581,3,0.31909677419354837,0.31
76128533B29330052395581,4,0.6991999999999999,0.47
76128533B29330052395581,5,2.5193548387096776,1.44
76128533B29330052395581,6,3.2248666666666668,2.94
76128533B29330052395581,7,3.21258064516129,2.75
76128533B29330052395581,8,2.994838709677419,2.61
76128533B29672216830072,9,10.163733333333333,10.469999999999999
76128533B29672216830072,10,8.659032258064517,7.22
76128533B29672216830072,11,1.4799333333333333,1.27
76128533B29672216830072,12,1.1136774193548387,0.98
76128533B29672216830072,1,0.923741935483871,0.65
76128533B29672216830072,2,0.944113475177305,0.66
76128533B29672216830072,3,0.8526451612903225,0.69
76128533B29672216830072,4,0.8748,0.81
76128533B29672216830072,5,0.8773548387096775,0.75
76128533B29672216830072,6,1.6080666666666668,0.865
76128533B29672216830072,7,3.274903225806452,1.45
76128533B29672216830072,8,13.199096774193547,13.03
76128533B29721759389119,9,1.1624666666666668,0.92
76128533B29721759389119,10,0.14819354838709678,0.05
76128533B29721759389119,11,0.03493333333333334,0.04
76128533B29721759389119,12,0.01741935483870968,0.02
76128533B29721759389119,1,0.0007096774193548388,0.0
76128533B29721759389119,2,0.0,0.0
76128533B29721759389119,3,0.0,0.0
76128533B29721759389119,4,0.0,0.0
76128533B29721759389119,5,0.0,0.0
76128533B29721759389119,6,0.07586666666666667,0.0
76128533B29721759389119,7,0.8941290322580645,0.47
76128533B29721759389119,8,1.6748387096774195,1.34
76128533B30016122738302,9,13.197533333333334,9.34
76128533B30016122738302,10,7.5768387096774195,6.14
76128533B30016122738302,11,1.2864666666666666,1.125
76128533B30016122738302,12,0.7948387096774193,0.81
76128533B30016122738302,1,0.5137419354838709,0.49
76128533B30016122738302,2,0.3279432624113475,0.26
76128533B30016122738302,3,0.19703225806451613,0.12
76128533B30016122738302,4,0.11046666666666667,0.09
76128533B30016122738302,5,0.18825806451612903,0.06
76128533B30016122738302,6,2.3065333333333333,0.19
76128533B30016122738302,7,5.549870967741936,0.72
76128533B30016122738302,8,15.04883870967742,13.52
76128533B30447764775083,9,1.5728666666666666,1.4449999999999998
76128533B30447764775083,10,0.47458064516129034,0.15
76128533B30447764775083,11,0.05673333333333333,0.055
76128533B30447764775083,12,0.03735483870967742,0.04
76128533B30447764775083,1,0.02470967741935484,0.02
76128533B30447764775083,2,0.023687943262411346,0.02
76128533B30447764775083,3,0.028064516129032255,0.03
76128533B30447764775083,4,0.029266666666666663,0.03
76128533B30447764775083,5,0.028967741935483873,0.03
76128533B30447764775083,6,0.10813333333333333,0.03
76128533B30447764775083,7,1.206451612903226,0.81
76128533B30447764775083,8,2.5545161290322578,2.51
76128533B30477486088156,9,6.333799999999999,5.6899999999999995
76128533B30477486088156,10,1.0134193548387098,0.66
76128533B30477486088156,11,0.2064,0.22
76128533B30477486088156,12,0.13006451612903225,0.14
76128533B30477486088156,1,0.05664516129032258,0.05
76128533B30477486088156,2,0.05964539007092199,0.06
76128533B30477486088156,3,0.06025806451612903,0.06
76128533B30477486088156,4,0.061066666666666665,0.06
76128533B30477486088156,5,0.06593548387096773,0.06
76128533B30477486088156,6,0.2736,0.06
76128533B30477486088156,7,5.073612903225806,4.56
76128533B30477486088156,8,10.44574193548387,9.47
76128533B31127900859310,9,2.4288666666666665,2.435
76128533B31127900859310,10,1.4296774193548387,1.4
76128533B31127900859310,11,0.7932,0.775
76128533B31127900859310,12,0.553741935483871,0.55
76128533B31127900859310,1,0.7053548387096774,0.53
76128533B31127900859310,2,0.8097872340425533,0.75
76128533B31127900859310,3,1.0606451612903227,1.0
76128533B31127900859310,4,0.8422,0.81
76128533B31127900859310,5,0.7625806451612903,0.78
76128533B31127900859310,6,0.6585333333333333,0.53
76128533B31127900859310,7,1.7761935483870968,1.01
76128533B31127900859310,8,3.0713548387096776,2.78
76128533B31161316175613,9,2.3108666666666666,2.1100000000000003
76128533B31161316175613,10,0.7160645161290322,0.49
76128533B31161316175613,11,0.11213333333333333,0.11
76128533B31161316175613,12,0.0827741935483871,0.08
76128533B31161316175613,1,0.04838709677419355,0.05
76128533B31161316175613,2,0.00851063829787234,0.0
76128533B31161316175613,3,0.0,0.0
76128533B31161316175613,4,0.0,0.0
76128533B31161316175613,5,0.000967741935483871,0.0
76128533B31161316175613,6,0.07306666666666667,0.0
76128533B31161316175613,7,1.0444516129032257,0.44
76128533B31161316175613,8,2.8823870967741936,3.02
76128533B31342633028465,9,6.730533333333334,4.915
76128533B31342633028465,10,1.201741935483871,0.31
76128533B31342633028465,11,0.2148666666666667,0.22
76128533B31342633028465,12,0.15651612903225806,0.16
76128533B31342633028465,1,0.08761290322580645,0.09
76128533B31342633028465,2,0.029645390070921984,0.02
76128533B31342633028465,3,0.001161290322580645,0.0
76128533B31342633028465,4,0.0,0.0
76128533B31342633028465,5,0.0,0.0
76128533B31342633028465,6,0.018266666666666667,0.0
76128533B31342633028465,7,13.108645161290323,4.77
76128533B31342633028465,8,8.156709677419355,4.61
76128533B31405919461443,9,5.1799333333333335,4.8149999999999995
76128533B31405919461443,10,4.329677419354839,3.82
76128533B31405919461443,11,1.4548666666666665,1.33
76128533B31405919461443,12,0.5385161290322581,0.51
76128533B31405919461443,1,0.3909677419354839,0.36
76128533B31405919461443,2,0.7143971631205674,0.63
76128533B31405919461443,3,1.6483870967741936,1.53
76128533B31405919461443,4,2.627466666666667,2.53
76128533B31405919461443,5,3.278516129032258,3.12
76128533B31405919461443,6,4.817066666666667,4.375
76128533B31405919461443,7,5.9305161290322586,6.1
76128533B31405919461443,8,5.8747741935483875,5.14
76128533B32249045995424,9,0.6832666666666666,0.645
76128533B32249045995424,10,0.39483870967741935,0.39
76128533B32249045995424,11,0.2939333333333334,0.28
76128533B32249045995424,12,0.3050322580645161,0.25
76128533B32249045995424,1,0.30548387096774193,0.31
76128533B32249045995424,2,0.37751773049645393,0.33
76128533B32249045995424,3,0.6996129032258064,0.72
76128533B32249045995424,4,0.6423333333333333,0.69
76128533B32249045995424,5,0.515483870967742,0.53
76128533B32249045995424,6,0.3665333333333334,0.32
76128533B32249045995424,7,0.499741935483871,0.44
76128533B32249045995424,8,0.7689032258064515,0.75
76128533B32499449492865,9,24.281266666666667,21.83
76128533B32499449492865,10,22.09083870967742,19.0
76128533B32499449492865,11,4.848,4.1850000000000005
76128533B32499449492865,12,3.6743870967741934,3.73
76128533B32499449492865,1,3.450322580645161,3.47
76128533B32499449492865,2,3.6648936170212765,3.59
76128533B32499449492865,3,3.662580645161291,3.5
76128533B32499449492865,4,4.243533333333333,3.94
76128533B32499449492865,5,5.3992258064516125,4.77
76128533B32499449492865,6,9.554533333333334,6.225
76128533B32499449492865,7,22.665483870967744,23.89
76128533B32499449492865,8,27.047612903225808,28.79
76128533B32998994032811,9,0.6312666666666666,0.635
76128533B32998994032811,10,0.3453548387096774,0.34
76128533B32998994032811,11,0.24820000000000003,0.26
76128533B32998994032811,12,0.23916129032258066,0.23
76128533B32998994032811,1,0.24916129032258064,0.22
76128533B32998994032811,2,0.2528368794326241,0.25
76128533B32998994032811,3,0.4347096774193548,0.44
76128533B32998994032811,4,0.3886666666666667,0.37
76128533B32998994032811,5,0.3515483870967742,0.28
76128533B32998994032811,6,0.3224666666666666,0.26
76128533B32998994032811,7,0.6963225806451613,0.44
76128533B32998994032811,8,0.9367096774193548,0.94
76128533B33151011563565,9,6.7154,4.8
76128533B33151011563565,10,2.9979999999999998,2.17
76128533B33151011563565,11,0.7018666666666666,0.515
76128533B33151011563565,12,0.521483870967742,0.34
76128533B33151011563565,1,0.21774193548387097,0.17
76128533B33151011563565,2,0.18773049645390072,0.17
76128533B33151011563565,3,0.1653548387096774,0.16
76128533B33151011563565,4,0.18833333333333332,0.19
76128533B33151011563565,5,0.2706451612903226,0.19
76128533B33151011563565,6,0.5674666666666667,0.22
76128533B33151011563565,7,3.9745161290322577,1.92
76128533B33151011563565,8,6.39716129032258,3.66
76128533B33162455176756,9,2.2613333333333334,1.75
76128533B33162455176756,10,2.604709677419355,2.1
76128533B33162455176756,11,2.9039333333333333,2.375
76128533B33162455176756,12,2.0338064516129033,1.22
76128533B33162455176756,1,0.8012903225806451,0.49
76128533B33162455176756,2,0.3750354609929078,0.34
76128533B33162455176756,3,0.37490322580645163,0.31
76128533B33162455176756,4,0.8158666666666666,0.73
76128533B33162455176756,5,2.639483870967742,1.74
76128533B33162455176756,6,2.7464,2.455
76128533B33162455176756,7,2.3719354838709674,2.17
76128533B33162455176756,8,1.8713548387096774,1.52
76128533B33458049385696,9,3.5326666666666666,2.81
76128533B33458049385696,10,1.837290322580645,1.38
76128533B33458049385696,11,0.22906666666666667,0.23
76128533B33458049385696,12,0.19774193548387098,0.19
76128533B33458049385696,1,0.12761290322580646,0.09
76128533B33458049385696,2,0.12347517730496455,0.09
76128533B33458049385696,3,0.10696774193548386,0.09
76128533B33458049385696,4,0.09873333333333333,0.09
76128533B33458049385696,5,0.16993548387096774,0.09
76128533B33458049385696,6,1.1210666666666667,0.12
76128533B33458049385696,7,2.1001290322580646,1.58
76128533B33458049385696,8,3.9950967741935486,3.29
76128533B334793883930,9,38.1536,35.815
76128533B334793883930,10,25.105225806451614,22.5
76128533B334793883930,11,6.525,3.6
76128533B334793883930,12,2.823741935483871,2.72
76128533B334793883930,1,2.305483870967742,2.18
76128533B334793883930,2,1.9870921985815604,1.9
76128533B334793883930,3,2.014774193548387,1.62
76128533B334793883930,4,3.066066666666667,1.795
76128533B334793883930,5,8.121677419354839,2.5
76128533B334793883930,6,36.1316,30.625
76128533B334793883930,7,49.25632258064516,40.88
76128533B334793883930,8,50.747032258064515,50.17
76128533B3371867518692,9,3.385,3.16
76128533B3371867518692,10,1.4258064516129032,1.25
76128533B3371867518692,11,0.7627333333333333,0.715
76128533B3371867518692,12,0.6679354838709678,0.64
76128533B3371867518692,1,1.173032258064516,0.7
76128533B3371867518692,2,0.9500709219858157,0.72
76128533B3371867518692,3,0.954516129032258,0.72
76128533B3371867518692,4,0.6920666666666667,0.63
76128533B3371867518692,5,0.5962580645161291,0.58
76128533B3371867518692,6,0.8694666666666666,0.52
76128533B3371867518692,7,2.7003870967741936,1.89
76128533B3371867518692,8,6.390516129032258,4.94
76128533B33966968116377,9,0.192,0.04
76128533B33966968116377,10,0.1901935483870968,0.05
76128533B33966968116377,11,0.02666666666666667,0.03
76128533B33966968116377,12,0.005161290322580645,0.0
76128533B33966968116377,1,0.0,0.0
76128533B33966968116377,2,0.0,0.0
76128533B33966968116377,3,0.0,0.0
76128533B33966968116377,4,0.0,0.0
76128533B33966968116377,5,0.03496774193548387,0.0
76128533B33966968116377,6,0.027533333333333333,0.0
76128533B33966968116377,7,0.4269032258064516,0.02
76128533B33966968116377,8,0.19670967741935486,0.04
76128533B35083559759016,9,11.883000000000001,9.4
76128533B35083559759016,10,10.949806451612904,10.78
76128533B35083559759016,11,11.183466666666666,9.26
76128533B35083559759016,12,6.550903225806452,5.81
76128533B35083559759016,1,3.044516129032258,2.06
76128533B35083559759016,2,1.8234751773049647,1.8
76128533B35083559759016,3,1.711225806451613,1.72
76128533B35083559759016,4,1.7632,1.72
76128533B35083559759016,5,4.22741935483871,1.84
76128533B35083559759016,6,10.378733333333333,5.92
76128533B35083559759016,7,14.398129032258066,12.52
76128533B35083559759016,8,14.979483870967742,12.46
76128533B35129325000613,9,4.3984,2.4299999999999997
76128533B35129325000613,10,0.6756129032258065,0.42
76128533B35129325000613,11,0.25766666666666665,0.24
76128533B35129325000613,12,0.17135483870967744,0.16
76128533B35129325000613,1,0.1636774193548387,0.16
76128533B35129325000613,2,0.18226950354609928,0.19
76128533B35129325000613,3,0.18754838709677418,0.19
76128533B35129325000613,4,0.1932,0.19
76128533B35129325000613,5,0.24754838709677418,0.2
76128533B35129325000613,6,0.3676,0.22
76128533B35129325000613,7,1.604258064516129,0.87
76128533B35129325000613,8,2.2875483870967743,0.99
76128533B35143550659673,9,18.406000000000002,15.125
76128533B35143550659673,10,11.191354838709678,9.23
76128533B35143550659673,11,1.2178,1.1749999999999998
76128533B35143550659673,12,0.847483870967742,0.83
76128533B35143550659673,1,0.562258064516129,0.42
76128533B35143550659673,2,0.3917021276595745,0.14
76128533B35143550659673,3,0.2709677419354839,0.12
76128533B35143550659673,4,0.16653333333333334,0.12
76128533B35143550659673,5,0.18574193548387097,0.12
76128533B35143550659673,6,4.307266666666667,0.16
76128533B35143550659673,7,11.565806451612904,0.37
76128533B35143550659673,8,19.950258064516127,20.73
76128533B35167844027544,9,6.876200000000001,5.470000000000001
76128533B35167844027544,10,4.230645161290322,3.01
76128533B35167844027544,11,1.1583333333333334,0.63
76128533B35167844027544,12,0.5528387096774193,0.52
76128533B35167844027544,1,0.42129032258064514,0.39
76128533B35167844027544,2,0.3559574468085106,0.33
76128533B35167844027544,3,0.2858064516129032,0.23
76128533B35167844027544,4,0.27973333333333333,0.25
76128533B35167844027544,5,0.2641935483870968,0.25
76128533B35167844027544,6,0.2848666666666667,0.25
76128533B35167844027544,7,2.388774193548387,2.06
76128533B35167844027544,8,4.286709677419355,3.5
76128533B35205406647638,9,1.4564666666666666,1.0
76128533B35205406647638,10,0.4036774193548387,0.2
76128533B35205406647638,11,0.14186666666666667,0.14
76128533B35205406647638,12,0.11890322580645162,0.12
76128533B35205406647638,1,0.09961290322580645,0.1
76128533B35205406647638,2,0.06652482269503546,0.06
76128533B35205406647638,3,0.020129032258064516,0.0
76128533B35205406647638,4,0.0,0.0
76128533B35205406647638,5,0.000967741935483871,0.0
76128533B35205406647638,6,0.010266666666666667,0.0
76128533B35205406647638,7,0.4436129032258065,0.16
76128533B35205406647638,8,0.7101935483870968,0.36
76128533B35439951183692,9,56.4366,46.150000000000006
76128533B35439951183692,10,33.25516129032258,26.86
76128533B35439951183692,11,6.543466666666666,6.165
76128533B35439951183692,12,4.601999999999999,4.52
76128533B35439951183692,1,3.499290322580645,3.27
76128533B35439951183692,2,2.8107092198581562,2.5
76128533B35439951183692,3,2.030451612903226,1.72
76128533B35439951183692,4,1.5198666666666667,1.28
76128533B35439951183692,5,1.2981935483870968,1.19
76128533B35439951183692,6,20.309800000000003,0.515
76128533B35439951183692,7,33.430516129032256,4.86
76128533B35439951183692,8,69.50509677419356,71.78
76128533B35956162202704,9,0.7778666666666667,0.725
76128533B35956162202704,10,0.4412903225806452,0.42
76128533B35956162202704,11,0.22640000000000002,0.19
76128533B35956162202704,12,0.17425806451612905,0.17
76128533B35956162202704,1,0.2018709677419355,0.17
76128533B35956162202704,2,0.1975177304964539,0.19
76128533B35956162202704,3,0.2024516129032258,0.19
76128533B35956162202704,4,0.16833333333333333,0.16
76128533B35956162202704,5,0.15774193548387097,0.16
76128533B35956162202704,6,0.1436,0.14
76128533B35956162202704,7,0.46580645161290324,0.23
76128533B35956162202704,8,0.9370967741935484,0.91
76128533B36164606132718,9,1.5494666666666665,0.93
76128533B36164606132718,10,0.7506451612903225,0.24
76128533B36164606132718,11,0.5451333333333334,0.19
76128533B36164606132718,12,0.3375483870967742,0.14
76128533B36164606132718,1,0.10290322580645161,0.09
76128533B36164606132718,2,0.06829787234042553,0.06
76128533B36164606132718,3,0.034193548387096775,0.03
76128533B36164606132718,4,0.014,0.0
76128533B36164606132718,5,0.0,0.0
76128533B36164606132718,6,0.06426666666666667,0.06
76128533B36164606132718,7,0.9350967741935484,0.31
76128533B36164606132718,8,1.114258064516129,0.56
76128533B36625800127334,9,29.750933333333336,29.97
76128533B36625800127334,10,26.396645161290323,22.77
76128533B36625800127334,11,4.0412,3.1799999999999997
76128533B36625800127334,12,3.166258064516129,2.55
76128533B36625800127334,1,2.5636774193548386,1.89
76128533B36625800127334,2,2.116099290780142,1.09
76128533B36625800127334,3,1.7200645161290324,0.75
76128533B36625800127334,4,1.4970666666666668,0.66
76128533B36625800127334,5,1.3681290322580646,0.73
76128533B36625800127334,6,3.228666666666667,0.885
76128533B36625800127334,7,10.68341935483871,1.89
76128533B36625800127334,8,37.77993548387097,40.98
76128533B36958871695926,9,16.538466666666668,11.504999999999999
76128533B36958871695926,10,3.472774193548387,0.69
76128533B36958871695926,11,0.5648666666666667,0.535
76128533B36958871695926,12,0.3671612903225806,0.39
76128533B36958871695926,1,0.24000000000000002,0.25
76128533B36958871695926,2,0.13092198581560285,0.16
76128533B36958871695926,3,0.04367741935483871,0.03
76128533B36958871695926,4,0.0012,0.0
76128533B36958871695926,5,0.013483870967741935,0.0
76128533B36958871695926,6,0.29506666666666664,0.0
76128533B36958871695926,7,37.15348387096774,14.92
76128533B36958871695926,8,18.546451612903226,11.13
76128533B37096001761063,9,1.1766,1.05
76128533B37096001761063,10,0.6464516129032258,0.63
76128533B37096001761063,11,0.1268,0.08
76128533B37096001761063,12,0.055419354838709675,0.06
76128533B37096001761063,1,0.040193548387096774,0.05
76128533B37096001761063,2,0.020709219858156026,0.03
76128533B37096001761063,3,0.006580645161290323,0.0
76128533B37096001761063,4,0.0,0.0
76128533B37096001761063,5,0.0,0.0
76128533B37096001761063,6,0.00013333333333333334,0.0
76128533B37096001761063,7,0.9150322580645162,0.19
76128533B37096001761063,8,1.1121290322580646,1.19
76128533B37825396764028,9,3.010133333333333,2.81
76128533B37825396764028,10,1.8381290322580648,1.81
76128533B37825396764028,11,1.3132,1.29
76128533B37825396764028,12,1.068709677419355,0.97
76128533B37825396764028,1,1.1648387096774195,1.09
76128533B37825396764028,2,1.4665248226950354,1.34
76128533B37825396764028,3,2.026774193548387,2.06
76128533B37825396764028,4,1.9608,1.94
76128533B37825396764028,5,1.9911612903225806,1.89
76128533B37825396764028,6,1.8586666666666667,1.635
76128533B37825396764028,7,2.8898709677419356,2.56
76128533B37825396764028,8,3.4139999999999997,3.32
76128533B38203190611533,9,5.2640666666666664,5.23
76128533B38203190611533,10,1.7673548387096774,1.63
76128533B38203190611533,11,0.21660000000000001,0.22
76128533B38203190611533,12,0.16903225806451613,0.16
76128533B38203190611533,1,0.11774193548387096,0.12
76128533B38203190611533,2,0.06893617021276596,0.08
76128533B38203190611533,3,0.041225806451612904,0.03
76128533B38203190611533,4,0.0316,0.03
76128533B38203190611533,5,0.030193548387096772,0.03
76128533B38203190611533,6,0.3296,0.03
76128533B38203190611533,7,4.058064516129032,3.11
76128533B38203190611533,8,7.145354838709677,5.75
76128533B38548995376745,9,8.7288,7.92
76128533B38548995376745,10,6.432322580645161,5.59
76128533B38548995376745,11,1.9240666666666668,1.255
76128533B38548995376745,12,0.7788387096774193,0.75
76128533B38548995376745,1,0.6683225806451613,0.64
76128533B38548995376745,2,0.6123404255319149,0.59
76128533B38548995376745,3,0.8065161290322581,0.56
76128533B38548995376745,4,3.271,2.06
76128533B38548995376745,5,7.207161290322581,6.28
76128533B38548995376745,6,11.127600000000001,9.51
76128533B38548995376745,7,10.259870967741936,8.93
76128533B38548995376745,8,10.722967741935484,8.75
76128533B38767180038480,9,2.7094,2.09
76128533B38767180038480,10,1.0421290322580645,0.51
76128533B38767180038480,11,0.44179999999999997,0.47
76128533B38767180038480,12,0.37212903225806454,0.41
76128533B38767180038480,1,0.36232258064516126,0.39
76128533B38767180038480,2,0.3524822695035461,0.33
76128533B38767180038480,3,0.31025806451612903,0.3
76128533B38767180038480,4,0.3174,0.31
76128533B38767180038480,5,0.3319354838709678,0.34
76128533B38767180038480,6,0.3856,0.34
76128533B38767180038480,7,1.9958064516129033,0.63
76128533B38767180038480,8,2.83541935483871,2.59
76128533B38784530776316,9,2.9444666666666666,2.545
76128533B38784530776316,10,2.221483870967742,1.74
76128533B38784530776316,11,0.5698,0.45
76128533B38784530776316,12,0.23729032258064517,0.23
76128533B38784530776316,1,0.2172258064516129,0.22
76128533B38784530776316,2,0.24609929078014187,0.22
76128533B38784530776316,3,0.5902580645161289,0.22
76128533B38784530776316,4,2.9394666666666667,0.855
76128533B38784530776316,5,2.938967741935484,2.18
76128533B38784530776316,6,4.964533333333333,3.21
76128533B38784530776316,7,4.4720645161290316,3.58
76128533B38784530776316,8,4.228967741935484,3.11
76128533B39046535416628,9,20.876066666666667,14.905000000000001
76128533B39046535416628,10,5.702516129032258,3.55
76128533B39046535416628,11,1.6515333333333333,1.61
76128533B39046535416628,12,1.002,0.93
76128533B39046535416628,1,0.6947741935483871,0.69
76128533B39046535416628,2,0.7217021276595744,0.72
76128533B39046535416628,3,0.6829677419354838,0.69
76128533B39046535416628,4,0.7756000000000001,0.78
76128533B39046535416628,5,1.0325806451612904,0.78
76128533B39046535416628,6,1.3797333333333335,0.87
76128533B39046535416628,7,3.750064516129032,3.11
76128533B39046535416628,8,14.769354838709678,3.52
76128533B39329594544563,9,1.0170000000000001,0.89
76128533B39329594544563,10,0.5389032258064517,0.46
76128533B39329594544563,11,0.09140000000000001,0.09
76128533B39329594544563,12,0.053548387096774196,0.06
76128533B39329594544563,1,0.017483870967741934,0.0
76128533B39329594544563,2,0.0,0.0
76128533B39329594544563,3,0.0,0.0
76128533B39329594544563,4,0.0,0.0
76128533B39329594544563,5,0.00232258064516129,0.0
76128533B39329594544563,6,0.024533333333333334,0.0
76128533B39329594544563,7,0.6401935483870967,0.28
76128533B39329594544563,8,0.8409677419354838,0.64
76128533B39705008578419,9,94.76206666666667,95.38499999999999
76128533B39705008578419,10,29.09541935483871,13.45
76128533B39705008578419,11,6.274133333333333,6.23
76128533B39705008578419,12,4.244258064516129,4.36
76128533B39705008578419,1,2.2931612903225806,2.05
76128533B39705008578419,2,1.884964539007092,1.8
76128533B39705008578419,3,1.7846451612903227,1.72
76128533B39705008578419,4,1.9587999999999999,1.97
76128533B39705008578419,5,2.44858064516129,2.06
76128533B39705008578419,6,5.053133333333333,2.37
76128533B39705008578419,7,61.84690322580646,16.34
76128533B39705008578419,8,151.50980645161292,142.22
76128533B3985531353014,9,4.161666666666667,3.785
76128533B3985531353014,10,2.756516129032258,2.49
76128533B3985531353014,11,1.7142,1.3650000000000002
76128533B3985531353014,12,0.8841935483870969,0.79
76128533B3985531353014,1,0.588258064516129,0.52
76128533B3985531353014,2,0.4534042553191489,0.45
76128533B3985531353014,3,0.4449032258064516,0.44
76128533B3985531353014,4,0.5086666666666666,0.49
76128533B3985531353014,5,2.516258064516129,0.66
76128533B3985531353014,6,4.7068666666666665,3.6399999999999997
76128533B3985531353014,7,7.709806451612903,7.11
76128533B3985531353014,8,4.793741935483871,4.18
76128533B39959897010345,9,16.458,16.78
76128533B39959897010345,10,8.689096774193548,8.42
76128533B39959897010345,11,2.3975333333333335,2.065
76128533B39959897010345,12,0.6095483870967742,0.59
76128533B39959897010345,1,0.4509677419354839,0.45
76128533B39959897010345,2,0.3075177304964539,0.31
76128533B39959897010345,3,0.1821290322580645,0.19
76128533B39959897010345,4,0.061399999999999996,0.05
76128533B39959897010345,5,0.022193548387096775,0.03
76128533B39959897010345,6,0.1336,0.03
76128533B39959897010345,7,7.200451612903225,6.76
76128533B39959897010345,8,17.76361290322581,17.45
76128533B40156838070,9,0.6513333333333333,0.405
76128533B40156838070,10,0.26503225806451614,0.16
76128533B40156838070,11,0.057866666666666663,0.05
76128533B40156838070,12,0.028838709677419354,0.02
76128533B40156838070,1,0.021612903225806453,0.02
76128533B40156838070,2,0.013120567375886525,0.02
76128533B40156838070,3,0.004,0.0
76128533B40156838070,4,0.004600000000000001,0.0
76128533B40156838070,5,0.008064516129032258,0.0
76128533B40156838070,6,0.03513333333333333,0.03
76128533B40156838070,7,0.36212903225806453,0.11
76128533B40156838070,8,0.4208387096774194,0.25
76128533B40495457052818,9,0.4411333333333333,0.07
76128533B40495457052818,10,0.3521290322580645,0.06
76128533B40495457052818,11,0.0216,0.01
76128533B40495457052818,12,0.004903225806451613,0.0
76128533B40495457052818,1,0.0,0.0
76128533B40495457052818,2,0.0,0.0
76128533B40495457052818,3,0.0,0.0
76128533B40495457052818,4,0.0,0.0
76128533B40495457052818,5,0.0001935483870967742,0.0
76128533B40495457052818,6,0.1462,0.0
76128533B40495457052818,7,0.2988387096774194,0.02
76128533B40495457052818,8,0.2465806451612903,0.02
76128533B40638696154891,9,0.28786666666666666,0.15
76128533B40638696154891,10,0.126,0.06
76128533B40638696154891,11,0.0456,0.05
76128533B40638696154891,12,0.09070967741935484,0.09
76128533B40638696154891,1,0.06154838709677419,0.05
76128533B40638696154891,2,0.04028368794326241,0.03
76128533B40638696154891,3,0.05083870967741935,0.03
76128533B40638696154891,4,0.03306666666666667,0.03
76128533B40638696154891,5,0.0624516129032258,0.03
76128533B40638696154891,6,0.09146666666666667,0.05
76128533B40638696154891,7,0.29322580645161295,0.17
76128533B40638696154891,8,0.25070967741935485,0.19
76128533B40714385808093,9,1.4326666666666668,1.2650000000000001
76128533B40714385808093,10,1.148,0.35
76128533B40714385808093,11,0.219,0.16
76128533B40714385808093,12,0.10561290322580646,0.09
76128533B40714385808093,1,0.06374193548387097,0.05
76128533B40714385808093,2,0.06156028368794326,0.06
76128533B40714385808093,3,0.1053548387096774,0.06
76128533B40714385808093,4,0.30920000000000003,0.09
76128533B40714385808093,5,1.3956129032258064,0.19
76128533B40714385808093,6,4.5674,2.825
76128533B40714385808093,7,3.3592258064516125,2.22
76128533B40714385808093,8,3.3954193548387095,2.72
76128533B40868676647207,9,5.161466666666667,5.0
76128533B40868676647207,10,5.15941935483871,4.41
76128533B40868676647207,11,0.8467333333333333,0.76
76128533B40868676647207,12,0.6343870967741936,0.59
76128533B40868676647207,1,0.5467741935483871,0.5
76128533B40868676647207,2,0.4869503546099291,0.41
76128533B40868676647207,3,0.3704516129032258,0.28
76128533B40868676647207,4,0.29773333333333335,0.19
76128533B40868676647207,5,0.2501935483870968,0.12
76128533B40868676647207,6,0.23333333333333334,0.12
76128533B40868676647207,7,0.7251612903225807,0.47
76128533B40868676647207,8,7.2296774193548385,6.76
76128533B40923846274136,9,2.328,2.0599999999999996
76128533B40923846274136,10,0.813741935483871,0.67
76128533B40923846274136,11,0.16586666666666666,0.17
76128533B40923846274136,12,0.1095483870967742,0.11
76128533B40923846274136,1,0.06548387096774194,0.05
76128533B40923846274136,2,0.042624113475177305,0.05
76128533B40923846274136,3,0.05664516129032258,0.06
76128533B40923846274136,4,0.057999999999999996,0.06
76128533B40923846274136,5,0.06993548387096774,0.06
76128533B40923846274136,6,0.10706666666666666,0.06
76128533B40923846274136,7,1.43,0.3
76128533B40923846274136,8,1.4040645161290322,0.56
76128533B40995085026980,9,3.9247333333333336,3.3099999999999996
76128533B40995085026980,10,3.2233548387096773,1.88
76128533B40995085026980,11,0.38060000000000005,0.245
76128533B40995085026980,12,0.1603225806451613,0.16
76128533B40995085026980,1,0.11380645161290323,0.11
76128533B40995085026980,2,0.11439716312056737,0.09
76128533B40995085026980,3,0.15387096774193548,0.09
76128533B40995085026980,4,0.6496,0.335
76128533B40995085026980,5,2.6352258064516128,1.09
76128533B40995085026980,6,8.613933333333334,6.6
76128533B40995085026980,7,7.154580645161291,5.19
76128533B40995085026980,8,7.140193548387097,6.06
76128533B41005496708834,9,19.352066666666666,18.61
76128533B41005496708834,10,15.729225806451614,11.13
76128533B41005496708834,11,2.972933333333333,2.0199999999999996
76128533B41005496708834,12,1.4129032258064516,1.42
76128533B41005496708834,1,1.1189032258064517,1.11
76128533B41005496708834,2,0.9929078014184397,0.97
76128533B41005496708834,3,1.049741935483871,0.91
76128533B41005496708834,4,3.0085333333333333,1.955
76128533B41005496708834,5,14.947354838709678,4.6
76128533B41005496708834,6,41.84866666666667,31.815
76128533B41005496708834,7,34.792,26.73
76128533B41005496708834,8,30.70225806451613,30.33
76128533B41744580856133,9,0.5282,0.52
76128533B41744580856133,10,0.26083870967741934,0.25
76128533B41744580856133,11,0.15780000000000002,0.16
76128533B41744580856133,12,0.1496774193548387,0.15
76128533B41744580856133,1,0.13935483870967744,0.14
76128533B41744580856133,2,0.1279432624113475,0.12
76128533B41744580856133,3,0.118,0.12
76128533B41744580856133,4,0.1106,0.12
76128533B41744580856133,5,0.18451612903225806,0.09
76128533B41744580856133,6,1.1476000000000002,1.03
76128533B41744580856133,7,1.345032258064516,1.23
76128533B41744580856133,8,0.8216774193548387,0.73
76128533B41976979530466,9,57.947599999999994,53.015
76128533B41976979530466,10,36.15916129032258,32.34
76128533B41976979530466,11,23.720266666666667,19.185000000000002
76128533B41976979530466,12,10.591870967741935,9.28
76128533B41976979530466,1,6.779806451612904,5.84
76128533B41976979530466,2,4.596170212765957,4.57
76128533B41976979530466,3,4.349741935483872,4.35
76128533B41976979530466,4,5.782066666666666,4.875
76128533B41976979530466,5,31.55109677419355,12.71
76128533B41976979530466,6,54.27693333333333,41.22
76128533B41976979530466,7,104.35877419354838,90.2
76128533B41976979530466,8,74.39993548387096,71.78
76128533B42646400584570,9,0.015200000000000002,0.01
76128533B42646400584570,10,0.003870967741935484,0.0
76128533B42646400584570,11,0.0012666666666666666,0.0
76128533B42646400584570,12,0.000967741935483871,0.0
76128533B42646400584570,1,0.011548387096774193,0.0
76128533B42646400584570,2,0.00028368794326241134,0.0
76128533B42646400584570,3,0.0013548387096774194,0.0
76128533B42646400584570,4,0.0006,0.0
76128533B42646400584570,5,0.002129032258064516,0.0
76128533B42646400584570,6,0.0077333333333333325,0.0
76128533B42646400584570,7,0.038838709677419356,0.03
76128533B42646400584570,8,0.02838709677419355,0.02
76128533B42839853072341,9,25.4142,14.905000000000001
76128533B42839853072341,10,3.652838709677419,3.05
76128533B42839853072341,11,1.8428000000000002,1.7349999999999999
76128533B42839853072341,12,1.4068387096774193,1.33
76128533B42839853072341,1,1.2954193548387096,1.25
76128533B42839853072341,2,1.4209929078014183,1.42
76128533B42839853072341,3,1.4425806451612904,1.4
76128533B42839853072341,4,1.5887333333333333,1.59
76128533B42839853072341,5,1.9620645161290322,1.61
76128533B42839853072341,6,2.9816666666666665,1.72
76128533B42839853072341,7,10.689354838709678,6.18
76128533B42839853072341,8,16.494193548387095,6.24
76128533B42880544505675,9,16.958133333333333,13.399999999999999
76128533B42880544505675,10,9.800064516129032,8.18
76128533B42880544505675,11,2.6321333333333334,1.495
76128533B42880544505675,12,0.7481935483870967,0.61
76128533B42880544505675,1,0.47561290322580646,0.42
76128533B42880544505675,2,0.2816312056737589,0.23
76128533B42880544505675,3,0.12083870967741936,0.03
76128533B42880544505675,4,0.05793333333333333,0.03
76128533B42880544505675,5,0.04025806451612903,0.03
76128533B42880544505675,6,0.20366666666666666,0.06
76128533B42880544505675,7,8.330580645161291,8.23
76128533B42880544505675,8,12.67916129032258,11.16
76128533B42922918567330,9,6.953266666666667,5.48
76128533B42922918567330,10,2.221741935483871,0.63
76128533B42922918567330,11,0.3953333333333333,0.41
76128533B42922918567330,12,0.2510322580645162,0.3
76128533B42922918567330,1,0.13851612903225805,0.12
76128533B42922918567330,2,0.03581560283687943,0.03
76128533B42922918567330,3,0.02903225806451613,0.03
76128533B42922918567330,4,0.029799999999999997,0.03
76128533B42922918567330,5,0.03367741935483871,0.03
76128533B42922918567330,6,0.0784,0.03
76128533B42922918567330,7,6.3843225806451604,0.95
76128533B42922918567330,8,10.070322580645161,9.81
76128533B43180268042348,9,0.7274,0.69
76128533B43180268042348,10,0.5255483870967742,0.44
76128533B43180268042348,11,0.10073333333333333,0.1
76128533B43180268042348,12,0.08148387096774194,0.07
76128533B43180268042348,1,0.07180645161290322,0.06
76128533B43180268042348,2,0.08872340425531915,0.09
76128533B43180268042348,3,0.09432258064516129,0.09
76128533B43180268042348,4,0.09146666666666665,0.09
76128533B43180268042348,5,0.12038709677419356,0.09
76128533B43180268042348,6,0.21073333333333333,0.11
76128533B43180268042348,7,0.41083870967741937,0.25
76128533B43180268042348,8,0.9027096774193547,0.99
76128533B43252171579976,9,164.42006666666666,124.31
76128533B43252171579976,10,32.0876129032258,8.33
76128533B43252171579976,11,3.0919333333333334,2.82
76128533B43252171579976,12,3.7880645161290323,1.84
76128533B43252171579976,1,0.6938064516129032,0.73
76128533B43252171579976,2,0.09659574468085107,0.08
76128533B43252171579976,3,0.004838709677419355,0.0
76128533B43252171579976,4,0.0,0.0
76128533B43252171579976,5,0.06709677419354838,0.0
76128533B43252171579976,6,10.1654,0.06
76128533B43252171579976,7,239.8998064516129,164.58
76128533B43252171579976,8,153.082,90.2
76128533B43335986553000,9,0.07913333333333333,0.045
76128533B43335986553000,10,0.3235483870967742,0.06
76128533B43335986553000,11,0.20746666666666666,0.03
76128533B43335986553000,12,0.05064516129032258,0.02
76128533B43335986553000,1,0.009225806451612903,0.0
76128533B43335986553000,2,0.004680851063829788,0.0
76128533B43335986553000,3,0.0003870967741935484,0.0
76128533B43335986553000,4,0.04066666666666666,0.03
76128533B43335986553000,5,0.020387096774193546,0.02
76128533B43335986553000,6,0.018866666666666667,0.02
76128533B43335986553000,7,0.06458064516129032,0.05
76128533B43335986553000,8,0.10148387096774193,0.05
76128533B43737470294384,9,1.1283999999999998,0.585
76128533B43737470294384,10,0.2618064516129032,0.12
76128533B43737470294384,11,0.0478,0.06
76128533B43737470294384,12,0.025806451612903226,0.02
76128533B43737470294384,1,0.002064516129032258,0.0
76128533B43737470294384,2,0.0,0.0
76128533B43737470294384,3,0.0,0.0
76128533B43737470294384,4,0.0,0.0
76128533B43737470294384,5,0.005225806451612903,0.0
76128533B43737470294384,6,0.006933333333333334,0.0
76128533B43737470294384,7,0.48116129032258065,0.03
76128533B43737470294384,8,0.3594838709677419,0.03
76128533B44250373880839,9,9.341933333333333,7.470000000000001
76128533B44250373880839,10,2.0869032258064517,0.64
76128533B44250373880839,11,0.2892,0.29
76128533B44250373880839,12,0.17258064516129032,0.19
76128533B44250373880839,1,0.09303225806451614,0.06
76128533B44250373880839,2,0.06028368794326241,0.06
76128533B44250373880839,3,0.06129032258064516,0.06
76128533B44250373880839,4,0.06213333333333333,0.06
76128533B44250373880839,5,0.06799999999999999,0.06
76128533B44250373880839,6,0.162,0.06
76128533B44250373880839,7,4.666838709677419,1.56
76128533B44250373880839,8,11.811290322580644,12.09
76128533B44632955875385,9,1.8190666666666668,1.4249999999999998
76128533B44632955875385,10,1.1103870967741936,1.0
76128533B44632955875385,11,0.10726666666666666,0.1
76128533B44632955875385,12,0.06670967741935484,0.07
76128533B44632955875385,1,0.036774193548387096,0.02
76128533B44632955875385,2,0.018156028368794326,0.0
76128533B44632955875385,3,0.010451612903225806,0.0
76128533B44632955875385,4,0.002,0.0
76128533B44632955875385,5,0.0017419354838709678,0.0
76128533B44632955875385,6,0.5841999999999999,0.0
76128533B44632955875385,7,1.2550322580645161,0.02
76128533B44632955875385,8,1.9743870967741934,2.33
76128533B4466876522971,9,0.9284666666666668,0.785
76128533B4466876522971,10,0.2526451612903226,0.07
76128533B4466876522971,11,0.03833333333333333,0.04
76128533B4466876522971,12,0.015935483870967743,0.02
76128533B4466876522971,1,0.00232258064516129,0.0
76128533B4466876522971,2,0.0,0.0
76128533B4466876522971,3,0.0,0.0
76128533B4466876522971,4,0.0,0.0
76128533B4466876522971,5,0.0,0.0
76128533B4466876522971,6,0.0014,0.0
76128533B4466876522971,7,0.4168387096774194,0.03
76128533B4466876522971,8,1.4590967741935483,1.36
76128533B4481773749911,9,3.1611333333333334,2.2350000000000003
76128533B4481773749911,10,2.5280645161290325,2.09
76128533B4481773749911,11,1.873133333333333,1.7
76128533B4481773749911,12,0.7871612903225806,0.65
76128533B4481773749911,1,0.22458064516129034,0.22
76128533B4481773749911,2,0.17290780141843973,0.17
76128533B4481773749911,3,0.14593548387096775,0.12
76128533B4481773749911,4,0.09986666666666667,0.09
76128533B4481773749911,5,0.12903225806451613,0.09
76128533B4481773749911,6,0.13246666666666668,0.09
76128533B4481773749911,7,1.4125806451612903,0.7
76128533B4481773749911,8,1.5341935483870968,1.48
76128533B45037556977273,9,5.0762,2.495
76128533B45037556977273,10,1.5406451612903227,1.01
76128533B45037556977273,11,0.5246666666666667,0.53
76128533B45037556977273,12,0.4534193548387097,0.45
76128533B45037556977273,1,0.3736774193548387,0.37
76128533B45037556977273,2,0.3099290780141844,0.31
76128533B45037556977273,3,0.2541935483870968,0.25
76128533B45037556977273,4,0.21813333333333332,0.22
76128533B45037556977273,5,0.2047741935483871,0.19
76128533B45037556977273,6,0.3197333333333333,0.2
76128533B45037556977273,7,2.6858064516129034,1.26
76128533B45037556977273,8,1.9698709677419355,1.48
76128533B45106682783501,9,0.2336,0.12
76128533B45106682783501,10,0.09929032258064517,0.07
76128533B45106682783501,11,0.07339999999999999,0.06
76128533B45106682783501,12,0.4978709677419355,0.55
76128533B45106682783501,1,0.22361290322580643,0.17
76128533B45106682783501,2,0.04581560283687943,0.03
76128533B45106682783501,3,0.02890322580645161,0.03
76128533B45106682783501,4,0.0352,0.03
76128533B45106682783501,5,0.04954838709677419,0.03
76128533B45106682783501,6,0.048666666666666664,0.03
76128533B45106682783501,7,0.6423225806451613,0.19
76128533B45106682783501,8,0.6443870967741935,0.27
76128533B45314020251888,9,190.26593333333332,186.07
76128533B45314020251888,10,110.61096774193548,104.44
76128533B45314020251888,11,40.15646666666667,37.55
76128533B45314020251888,12,10.106516129032258,7.61
76128533B45314020251888,1,4.986322580645162,4.97
76128533B45314020251888,2,3.194468085106383,3.25
76128533B45314020251888,3,1.855225806451613,1.81
76128533B45314020251888,4,0.8400666666666667,0.675
76128533B45314020251888,5,0.19251612903225807,0.06
76128533B45314020251888,6,0.265,0.0
76128533B45314020251888,7,75.17032258064516,48.09
76128533B45314020251888,8,205.7198064516129,212.3
76128533B45381195840581,9,1.3718000000000001,0.965
76128533B45381195840581,10,0.8514838709677419,0.69
76128533B45381195840581,11,0.19213333333333332,0.185
76128533B45381195840581,12,0.15225806451612905,0.14
76128533B45381195840581,1,0.13361290322580646,0.11
76128533B45381195840581,2,0.11829787234042553,0.09
76128533B45381195840581,3,0.09535483870967741,0.09
76128533B45381195840581,4,0.0784,0.06
76128533B45381195840581,5,0.0589032258064516,0.05
76128533B45381195840581,6,0.13573333333333332,0.075
76128533B45381195840581,7,0.5225806451612903,0.3
76128533B45381195840581,8,0.9359354838709677,1.01
76128533B45574198291616,9,1.2337333333333333,0.85
76128533B45574198291616,10,0.6485161290322581,0.49
76128533B45574198291616,11,0.4795333333333333,0.47
76128533B45574198291616,12,0.4431612903225806,0.41
76128533B45574198291616,1,0.5316129032258063,0.42
76128533B45574198291616,2,0.5120567375886526,0.47
76128533B45574198291616,3,0.5375483870967741,0.45
76128533B45574198291616,4,0.5102,0.5
76128533B45574198291616,5,0.6376774193548387,0.53
76128533B45574198291616,6,0.7262000000000001,0.56
76128533B45574198291616,7,1.3654193548387097,0.97
76128533B45574198291616,8,1.083483870967742,0.91
76128533B45623818137574,9,0.6493333333333333,0.63
76128533B45623818137574,10,0.43354838709677423,0.35
76128533B45623818137574,11,0.08326666666666667,0.08
76128533B45623818137574,12,0.06477419354838711,0.06
76128533B45623818137574,1,0.04935483870967742,0.05
76128533B45623818137574,2,0.06120567375886525,0.06
76128533B45623818137574,3,0.06064516129032258,0.06
76128533B45623818137574,4,0.061933333333333326,0.06
76128533B45623818137574,5,0.05522580645161291,0.06
76128533B45623818137574,6,0.25026666666666664,0.06
76128533B45623818137574,7,0.4283225806451613,0.19
76128533B45623818137574,8,0.7665806451612903,0.77
76128533B45655211862788,9,3.308,3.17
76128533B45655211862788,10,1.5009032258064516,1.4
76128533B45655211862788,11,0.8352666666666667,0.85
76128533B45655211862788,12,0.7367741935483871,0.73
76128533B45655211862788,1,0.8875483870967742,0.69
76128533B45655211862788,2,0.825177304964539,0.75
76128533B45655211862788,3,1.1190967741935485,0.91
76128533B45655211862788,4,0.7637333333333334,0.78
76128533B45655211862788,5,0.6693548387096774,0.66
76128533B45655211862788,6,0.86,0.69
76128533B45655211862788,7,3.3509677419354835,2.75
76128533B45655211862788,8,4.882258064516129,5.01
76128533B46084756537322,9,27.903333333333332,26.385
76128533B46084756537322,10,26.28483870967742,20.98
76128533B46084756537322,11,10.3616,9.46
76128533B46084756537322,12,4.297741935483871,4.19
76128533B46084756537322,1,2.5253548387096774,2.47
76128533B46084756537322,2,2.382978723404255,2.22
76128533B46084756537322,3,5.981935483870968,4.66
76128533B46084756537322,4,15.250933333333332,14.33
76128533B46084756537322,5,22.434193548387096,21.08
76128533B46084756537322,6,34.07406666666667,32.765
76128533B46084756537322,7,32.176967741935485,30.92
76128533B46084756537322,8,29.561548387096774,26.54
76128533B46490409917345,9,2.676266666666667,2.495
76128533B46490409917345,10,2.2036774193548387,1.68
76128533B46490409917345,11,0.4354,0.33
76128533B46490409917345,12,0.18290322580645163,0.19
76128533B46490409917345,1,0.1635483870967742,0.16
76128533B46490409917345,2,0.15680851063829787,0.16
76128533B46490409917345,3,0.15,0.12
76128533B46490409917345,4,0.9073999999999999,0.22
76128533B46490409917345,5,2.7926451612903227,1.44
76128533B46490409917345,6,6.669666666666667,5.4399999999999995
76128533B46490409917345,7,5.072516129032258,3.86
76128533B46490409917345,8,4.0769032258064515,3.75
76128533B46866455993508,9,1.6691333333333334,1.28
76128533B46866455993508,10,0.7716129032258064,0.69
76128533B46866455993508,11,0.15846666666666667,0.07
76128533B46866455993508,12,0.05670967741935484,0.05
76128533B46866455993508,1,0.0372258064516129,0.03
76128533B46866455993508,2,0.020141843971631206,0.02
76128533B46866455993508,3,0.0056129032258064515,0.0
76128533B46866455993508,4,0.0,0.0
76128533B46866455993508,5,0.0,0.0
76128533B46866455993508,6,0.1188,0.0
76128533B46866455993508,7,1.0605806451612905,0.78
76128533B46866455993508,8,1.245483870967742,0.89
76128533B46979893461805,9,133.56113333333334,136.405
76128533B46979893461805,10,61.07387096774194,54.08
76128533B46979893461805,11,7.371933333333333,7.32
76128533B46979893461805,12,5.662967741935484,5.78
76128533B46979893461805,1,3.7422580645161285,3.94
76128533B46979893461805,2,2.076595744680851,1.82
76128533B46979893461805,3,1.0253548387096774,0.91
76128533B46979893461805,4,0.5727333333333333,0.53
76128533B46979893461805,5,0.48341935483870974,0.47
76128533B46979893461805,6,22.628466666666668,0.53
76128533B46979893461805,7,94.16174193548387,32.42
76128533B46979893461805,8,207.2916129032258,178.47
76128533B4745348385341,9,1.4775999999999998,1.33
76128533B4745348385341,10,1.2860645161290323,1.13
76128533B4745348385341,11,0.3172666666666667,0.28500000000000003
76128533B4745348385341,12,0.19135483870967743,0.19
76128533B4745348385341,1,0.18561290322580645,0.19
76128533B4745348385341,2,0.19354609929078015,0.19
76128533B4745348385341,3,0.19761290322580644,0.19
76128533B4745348385341,4,0.20520000000000002,0.19
76128533B4745348385341,5,0.29761290322580647,0.25
76128533B4745348385341,6,0.6052,0.44
76128533B4745348385341,7,1.5383870967741935,1.5
76128533B4745348385341,8,1.7325161290322582,1.75
76128533B47594161132413,9,0.16246666666666668,0.04
76128533B47594161132413,10,0.8074193548387097,0.07
76128533B47594161132413,11,0.5066666666666667,0.04
76128533B47594161132413,12,0.05116129032258064,0.02
76128533B47594161132413,1,0.0038064516129032258,0.0
76128533B47594161132413,2,0.0,0.0
76128533B47594161132413,3,0.0,0.0
76128533B47594161132413,4,0.011066666666666666,0.0
76128533B47594161132413,5,0.059806451612903225,0.03
76128533B47594161132413,6,0.06113333333333333,0.05
76128533B47594161132413,7,1.1467096774193548,0.08
76128533B47594161132413,8,0.47451612903225804,0.06
76128533B47664895117076,9,0.22473333333333334,0.215
76128533B47664895117076,10,0.09974193548387097,0.12
76128533B47664895117076,11,0.04,0.0
76128533B47664895117076,12,0.05064516129032258,0.07
76128533B47664895117076,1,0.04980645161290322,0.06
76128533B47664895117076,2,0.060141843971631206,0.06
76128533B47664895117076,3,0.04967741935483871,0.03
76128533B47664895117076,4,0.041133333333333334,0.03
76128533B47664895117076,5,0.032129032258064516,0.03
76128533B47664895117076,6,0.2134666666666667,0.03
76128533B47664895117076,7,1.571806451612903,0.85
76128533B47664895117076,8,0.6029032258064516,0.34
76128533B47772746709007,9,23.1404,19.725
76128533B47772746709007,10,19.79103225806452,11.85
76128533B47772746709007,11,2.6217333333333332,1.71
76128533B47772746709007,12,1.1500645161290322,1.14
76128533B47772746709007,1,0.8701935483870967,0.86
76128533B47772746709007,2,0.8188652482269503,0.69
76128533B47772746709007,3,0.8738709677419354,0.66
76128533B47772746709007,4,4.411466666666667,1.5750000000000002
76128533B47772746709007,5,17.276709677419355,6.94
76128533B47772746709007,6,51.80853333333333,40.21
76128533B47772746709007,7,44.739225806451614,32.27
76128533B47772746709007,8,41.97109677419355,36.58
76128533B47816398970283,9,2.316666666666667,1.725
76128533B47816398970283,10,0.8808387096774194,0.35
76128533B47816398970283,11,0.1322,0.14500000000000002
76128533B47816398970283,12,0.05522580645161291,0.03
76128533B47816398970283,1,0.022516129032258067,0.02
76128533B47816398970283,2,0.02801418439716312,0.03
76128533B47816398970283,3,0.028,0.03
76128533B47816398970283,4,0.029066666666666664,0.03
76128533B47816398970283,5,0.06503225806451612,0.03
76128533B47816398970283,6,0.235,0.06
76128533B47816398970283,7,0.866774193548387,0.16
76128533B47816398970283,8,1.1858709677419355,0.28
76128533B47840093719460,9,418.75013333333334,305.54999999999995
76128533B47840093719460,10,112.128,41.17
76128533B47840093719460,11,27.06866666666667,19.3
76128533B47840093719460,12,23.03451612903226,19.32
76128533B47840093719460,1,13.563935483870967,11.94
76128533B47840093719460,2,10.795531914893617,9.57
76128533B47840093719460,3,8.160387096774192,8.18
76128533B47840093719460,4,9.813533333333334,8.55
76128533B47840093719460,5,7.4561290322580644,6.62
76128533B47840093719460,6,24.911133333333336,4.02
76128533B47840093719460,7,545.9127741935483,339.41
76128533B47840093719460,8,587.8230967741936,335.51
76128533B48075109668277,9,0.2618666666666667,0.12
76128533B48075109668277,10,0.4490967741935484,0.21
76128533B48075109668277,11,0.6172,0.07
76128533B48075109668277,12,0.17670967741935484,0.04
76128533B48075109668277,1,0.04412903225806451,0.02
76128533B48075109668277,2,0.024893617021276595,0.02
76128533B48075109668277,3,0.01129032258064516,0.0
76128533B48075109668277,4,0.01746666666666667,0.0
76128533B48075109668277,5,0.08554838709677419,0.03
76128533B48075109668277,6,0.08833333333333333,0.03
76128533B48075109668277,7,0.24883870967741936,0.11
76128533B48075109668277,8,0.5504516129032259,0.14
76128533B48077510234542,9,3.728,3.01
76128533B48077510234542,10,0.8438709677419356,0.25
76128533B48077510234542,11,0.13799999999999998,0.14
76128533B48077510234542,12,0.1223225806451613,0.12
76128533B48077510234542,1,0.07161290322580645,0.06
76128533B48077510234542,2,0.042198581560283686,0.03
76128533B48077510234542,3,0.04129032258064516,0.03
76128533B48077510234542,4,0.039,0.03
76128533B48077510234542,5,0.06858064516129031,0.05
76128533B48077510234542,6,0.4592,0.14
76128533B48077510234542,7,7.041806451612904,5.31
76128533B48077510234542,8,5.653096774193549,4.4
76128533B4839184447445,9,17.4562,17.155
76128533B4839184447445,10,10.298645161290322,9.21
76128533B4839184447445,11,5.0788,4.42
76128533B4839184447445,12,2.1247096774193546,1.82
76128533B4839184447445,1,1.2583870967741937,1.26
76128533B4839184447445,2,1.1061702127659574,1.14
76128533B4839184447445,3,1.177741935483871,1.17
76128533B4839184447445,4,1.1886666666666665,1.19
76128533B4839184447445,5,4.473161290322581,1.25
76128533B4839184447445,6,16.203266666666668,12.725000000000001
76128533B4839184447445,7,39.163548387096775,37.11
76128533B4839184447445,8,26.142774193548387,24.53
76128533B48708628358161,9,1.8682666666666667,1.78
76128533B48708628358161,10,1.2426451612903227,1.24
76128533B48708628358161,11,0.7876666666666667,0.765
76128533B48708628358161,12,0.5696774193548387,0.55
76128533B48708628358161,1,0.508,0.5
76128533B48708628358161,2,0.49858156028368794,0.49
76128533B48708628358161,3,1.1091612903225805,1.0
76128533B48708628358161,4,2.6465333333333336,2.64
76128533B48708628358161,5,2.264516129032258,2.28
76128533B48708628358161,6,1.4635333333333334,1.34
76128533B48708628358161,7,1.7075483870967743,1.28
76128533B48708628358161,8,2.2187741935483873,2.09
76128533B48885555323596,9,0.4583333333333333,0.345
76128533B48885555323596,10,0.1107741935483871,0.05
76128533B48885555323596,11,0.028,0.02
76128533B48885555323596,12,0.020580645161290323,0.02
76128533B48885555323596,1,0.018838709677419355,0.02
76128533B48885555323596,2,0.023687943262411346,0.02
76128533B48885555323596,3,0.028,0.03
76128533B48885555323596,4,0.028,0.03
76128533B48885555323596,5,0.034193548387096775,0.03
76128533B48885555323596,6,0.7221333333333333,0.03
76128533B48885555323596,7,0.27883870967741936,0.08
76128533B48885555323596,8,0.34916129032258064,0.05
76128533B49017555803526,9,0.8607333333333335,0.77
76128533B49017555803526,10,0.7529677419354839,0.75
76128533B49017555803526,11,0.1636,0.13
76128533B49017555803526,12,0.12077419354838709,0.12
76128533B49017555803526,1,0.11651612903225808,0.11
76128533B49017555803526,2,0.12744680851063828,0.12
76128533B49017555803526,3,0.10987096774193549,0.12
76128533B49017555803526,4,0.1375333333333333,0.12
76128533B49017555803526,5,0.11690322580645161,0.09
76128533B49017555803526,6,0.2924,0.11
76128533B49017555803526,7,0.43174193548387096,0.14
76128533B49017555803526,8,0.8868387096774194,0.81
76128533B49429513424897,9,5.6926,5.67
76128533B49429513424897,10,2.2950322580645164,2.05
76128533B49429513424897,11,1.3743333333333334,1.38
76128533B49429513424897,12,1.1608387096774193,1.16
76128533B49429513424897,1,1.988193548387097,1.11
76128533B49429513424897,2,1.300354609929078,1.06
76128533B49429513424897,3,1.846516129032258,0.91
76128533B49429513424897,4,0.8236,0.87
76128533B49429513424897,5,0.7350967741935484,0.8
76128533B49429513424897,6,0.5100666666666667,0.495
76128533B49429513424897,7,9.52458064516129,1.09
76128533B49429513424897,8,13.249548387096773,10.97
76128533B49597693387243,9,0.42253333333333337,0.09
76128533B49597693387243,10,0.6705806451612903,0.13
76128533B49597693387243,11,0.17073333333333332,0.03
76128533B49597693387243,12,0.029870967741935484,0.01
76128533B49597693387243,1,0.001161290322580645,0.0
76128533B49597693387243,2,0.00950354609929078,0.0
76128533B49597693387243,3,0.0,0.0
76128533B49597693387243,4,0.015466666666666665,0.0
76128533B49597693387243,5,0.03619354838709677,0.03
76128533B49597693387243,6,0.06459999999999999,0.03
76128533B49597693387243,7,1.1865161290322581,0.17
76128533B49597693387243,8,0.7014193548387097,0.12
76128533B49615943426842,9,0.8082,0.615
76128533B49615943426842,10,0.24083870967741935,0.16
76128533B49615943426842,11,0.05206666666666667,0.05
76128533B49615943426842,12,0.038580645161290325,0.04
76128533B49615943426842,1,0.02329032258064516,0.02
76128533B49615943426842,2,0.02198581560283688,0.02
76128533B49615943426842,3,0.017161290322580645,0.02
76128533B49615943426842,4,0.028,0.03
76128533B49615943426842,5,0.03412903225806452,0.03
76128533B49615943426842,6,0.05653333333333334,0.03
76128533B49615943426842,7,0.29270967741935483,0.28
76128533B49615943426842,8,0.5079354838709678,0.39
76128533B49805675626253,9,1.0544666666666667,0.995
76128533B49805675626253,10,0.9620645161290323,0.75
76128533B49805675626253,11,0.1806,0.17
76128533B49805675626253,12,0.14574193548387096,0.15
76128533B49805675626253,1,0.13858064516129032,0.14
76128533B49805675626253,2,0.13574468085106384,0.12
76128533B49805675626253,3,0.12896774193548385,0.12
76128533B49805675626253,4,0.12246666666666667,0.12
76128533B49805675626253,5,0.12335483870967742,0.12
76128533B49805675626253,6,0.24873333333333336,0.16
76128533B49805675626253,7,0.7889032258064517,0.77
76128533B49805675626253,8,1.049225806451613,1.16
76128533B49993259380917,9,2.3066666666666666,1.98
76128533B49993259380917,10,1.896,1.6
76128533B49993259380917,11,0.5788666666666666,0.47
76128533B49993259380917,12,0.24625806451612905,0.24
76128533B49993259380917,1,0.22741935483870968,0.22
76128533B49993259380917,2,0.30957446808510636,0.22
76128533B49993259380917,3,0.36987096774193545,0.25
76128533B49993259380917,4,2.2096,1.31
76128533B49993259380917,5,2.722709677419355,2.37
76128533B49993259380917,6,4.0426,3.665
76128533B49993259380917,7,3.63658064516129,3.35
76128533B49993259380917,8,2.895741935483871,2.3
76128533B50011981829203,9,20.567,19.255000000000003
76128533B50011981829203,10,13.304774193548386,12.93
76128533B50011981829203,11,7.690066666666667,7.52
76128533B50011981829203,12,4.9554193548387095,4.92
76128533B50011981829203,1,3.681161290322581,3.72
76128533B50011981829203,2,3.3169503546099293,3.38
76128533B50011981829203,3,3.094193548387097,3.12
76128533B50011981829203,4,2.8341333333333334,2.8600000000000003
76128533B50011981829203,5,2.49741935483871,2.56
76128533B50011981829203,6,4.1562,2.14
76128533B50011981829203,7,21.977806451612903,18.28
76128533B50011981829203,8,23.14851612903226,23.1
76128533B50014751336341,9,1.1614,0.995
76128533B50014751336341,10,0.47251612903225804,0.37
76128533B50014751336341,11,0.16746666666666668,0.17
76128533B50014751336341,12,0.1684516129032258,0.16
76128533B50014751336341,1,0.16451612903225807,0.16
76128533B50014751336341,2,0.1976595744680851,0.17
76128533B50014751336341,3,0.17219354838709677,0.16
76128533B50014751336341,4,0.18993333333333334,0.19
76128533B50014751336341,5,0.21600000000000003,0.19
76128533B50014751336341,6,0.43346666666666667,0.22
76128533B50014751336341,7,0.9883870967741935,0.58
76128533B50014751336341,8,1.8177419354838709,1.88
76128533B50275440439236,9,1.0989333333333333,0.94
76128533B50275440439236,10,0.7045161290322581,0.52
76128533B50275440439236,11,0.12833333333333333,0.11
76128533B50275440439236,12,0.09761290322580646,0.09
76128533B50275440439236,1,0.06309677419354838,0.06
76128533B50275440439236,2,0.043191489361702126,0.03
76128533B50275440439236,3,0.022516129032258064,0.0
76128533B50275440439236,4,0.010466666666666666,0.0
76128533B50275440439236,5,0.0572258064516129,0.0
76128533B50275440439236,6,0.5960000000000001,0.02
76128533B50275440439236,7,0.6600645161290323,0.08
76128533B50275440439236,8,1.041548387096774,0.87
76128533B50650763703739,9,12.043533333333333,10.870000000000001
76128533B50650763703739,10,9.871806451612905,7.99
76128533B50650763703739,11,2.5571333333333333,1.745
76128533B50650763703739,12,1.2236129032258065,1.2
76128533B50650763703739,1,1.105483870967742,1.08
76128533B50650763703739,2,1.4846099290780144,1.06
76128533B50650763703739,3,1.7136774193548387,1.12
76128533B50650763703739,4,13.677800000000001,7.64
76128533B50650763703739,5,15.97658064516129,13.42
76128533B50650763703739,6,22.204933333333337,20.58
76128533B50650763703739,7,19.306322580645162,17.62
76128533B50650763703739,8,16.261096774193547,13.22
76128533B50784044604286,9,1.2824666666666666,1.1949999999999998
76128533B50784044604286,10,0.7582580645161291,0.73
76128533B50784044604286,11,0.43286666666666673,0.43
76128533B50784044604286,12,0.2966451612903226,0.28
76128533B50784044604286,1,0.30103225806451617,0.28
76128533B50784044604286,2,0.3534751773049646,0.34
76128533B50784044604286,3,0.6169677419354839,0.59
76128533B50784044604286,4,0.47919999999999996,0.5
76128533B50784044604286,5,0.3907741935483871,0.41
76128533B50784044604286,6,0.40813333333333335,0.27
76128533B50784044604286,7,0.962258064516129,0.81
76128533B50784044604286,8,1.5945806451612903,1.53
76128533B51363853289247,9,1.1151333333333333,0.945
76128533B51363853289247,10,0.6909032258064516,0.56
76128533B51363853289247,11,0.2889333333333333,0.29
76128533B51363853289247,12,0.27045161290322584,0.25
76128533B51363853289247,1,0.26509677419354843,0.25
76128533B51363853289247,2,0.3150354609929078,0.3
76128533B51363853289247,3,0.30270967741935484,0.28
76128533B51363853289247,4,0.34113333333333334,0.34
76128533B51363853289247,5,0.4283225806451613,0.34
76128533B51363853289247,6,0.5905333333333334,0.37
76128533B51363853289247,7,0.8392258064516129,0.75
76128533B51363853289247,8,1.3589032258064515,1.31
76128533B5215906594478,9,1.3562,1.125
76128533B5215906594478,10,1.1379354838709677,1.01
76128533B5215906594478,11,0.23333333333333334,0.14
76128533B5215906594478,12,0.09161290322580645,0.1
76128533B5215906594478,1,0.05580645161290323,0.06
76128533B5215906594478,2,0.01652482269503546,0.0
76128533B5215906594478,3,0.0,0.0
76128533B5215906594478,4,0.0,0.0
76128533B5215906594478,5,0.0029032258064516127,0.0
76128533B5215906594478,6,0.012133333333333335,0.0
76128533B5215906594478,7,0.5623225806451613,0.12
76128533B5215906594478,8,0.8774838709677418,0.53
76128533B52487813780503,9,3.3776666666666664,3.505
76128533B52487813780503,10,1.646516129032258,1.56
76128533B52487813780503,11,0.193,0.17
76128533B52487813780503,12,0.14677419354838708,0.15
76128533B52487813780503,1,0.12096774193548387,0.12
76128533B52487813780503,2,0.09446808510638298,0.09
76128533B52487813780503,3,0.06329032258064517,0.06
76128533B52487813780503,4,0.036,0.03
76128533B52487813780503,5,0.021096774193548388,0.03
76128533B52487813780503,6,0.28026666666666666,0.0
76128533B52487813780503,7,2.493741935483871,1.59
76128533B52487813780503,8,4.443935483870967,4.19
76128533B52664671961643,9,0.13253333333333334,0.05
76128533B52664671961643,10,0.16135483870967743,0.11
76128533B52664671961643,11,0.13606666666666667,0.02
76128533B52664671961643,12,0.06683870967741935,0.02
76128533B52664671961643,1,0.008903225806451613,0.0
76128533B52664671961643,2,0.0009929078014184398,0.0
76128533B52664671961643,3,0.0001935483870967742,0.0
76128533B52664671961643,4,0.0017333333333333335,0.0
76128533B52664671961643,5,0.03148387096774193,0.0
76128533B52664671961643,6,0.019133333333333336,0.0
76128533B52664671961643,7,0.11070967741935483,0.0
76128533B52664671961643,8,0.1163225806451613,0.05
76128533B52902360321344,9,0.23166666666666666,0.06
76128533B52902360321344,10,0.027741935483870966,0.01
76128533B52902360321344,11,0.007066666666666667,0.01
76128533B52902360321344,12,0.0023870967741935483,0.0
76128533B52902360321344,1,0.0005806451612903225,0.0
76128533B52902360321344,2,0.000425531914893617,0.0
76128533B52902360321344,3,0.0,0.0
76128533B52902360321344,4,0.0,0.0
76128533B52902360321344,5,0.002129032258064516,0.0
76128533B52902360321344,6,0.014933333333333335,0.0
76128533B52902360321344,7,0.03632258064516129,0.03
76128533B52902360321344,8,0.2804516129032258,0.02
76128533B53136419849111,9,95.86566666666667,70.715
76128533B53136419849111,10,49.670580645161294,38.9
76128533B53136419849111,11,33.366933333333336,30.695
76128533B53136419849111,12,31.204645161290323,30.41
76128533B53136419849111,1,28.77051612903226,22.55
76128533B53136419849111,2,23.714609929078016,21.8
76128533B53136419849111,3,24.21432258064516,19.84
76128533B53136419849111,4,22.8728,22.07
76128533B53136419849111,5,30.68251612903226,25.0
76128533B53136419849111,6,37.7734,29.585
76128533B53136419849111,7,100.53709677419354,86.1
76128533B53136419849111,8,141.9368387096774,119.78
76128533B53316015271969,9,6.439266666666667,5.74
76128533B53316015271969,10,3.134258064516129,2.85
76128533B53316015271969,11,0.8323333333333333,0.77
76128533B53316015271969,12,0.764,0.73
76128533B53316015271969,1,0.673741935483871,0.67
76128533B53316015271969,2,0.6207801418439717,0.63
76128533B53316015271969,3,0.5619354838709678,0.56
76128533B53316015271969,4,0.5054,0.5
76128533B53316015271969,5,0.4509677419354839,0.44
76128533B53316015271969,6,0.4087333333333333,0.39
76128533B53316015271969,7,5.708387096774193,2.77
76128533B53316015271969,8,5.637225806451613,4.7
76128533B53549946596470,9,1.7176,1.7
76128533B53549946596470,10,1.015483870967742,0.95
76128533B53549946596470,11,0.24586666666666668,0.215
76128533B53549946596470,12,0.06787096774193548,0.07
76128533B53549946596470,1,0.05167741935483871,0.05
76128533B53549946596470,2,0.03432624113475177,0.03
76128533B53549946596470,3,0.015548387096774195,0.02
76128533B53549946596470,4,0.0034000000000000002,0.0
76128533B53549946596470,5,0.0,0.0
76128533B53549946596470,6,0.007066666666666667,0.0
76128533B53549946596470,7,0.7235483870967743,0.66
76128533B53549946596470,8,1.5780645161290323,1.4
76128533B53609934827566,9,33.9908,35.435
76128533B53609934827566,10,24.854516129032255,25.06
76128533B53609934827566,11,8.634866666666667,8.07
76128533B53609934827566,12,2.915677419354839,3.02
76128533B53609934827566,1,2.3424516129032256,2.42
76128533B53609934827566,2,2.0501418439716312,2.18
76128533B53609934827566,3,1.717225806451613,1.84
76128533B53609934827566,4,1.4612666666666667,1.62
76128533B53609934827566,5,1.1469677419354838,1.28
76128533B53609934827566,6,1.8382666666666667,0.925
76128533B53609934827566,7,12.039548387096774,5.53
76128533B53609934827566,8,31.088258064516133,35.06
76128533B53717296822608,9,2.5628,2.355
76128533B53717296822608,10,1.8808387096774193,1.59
76128533B53717296822608,11,0.5115333333333334,0.34
76128533B53717296822608,12,0.22993548387096774,0.22
76128533B53717296822608,1,0.20967741935483872,0.2
76128533B53717296822608,2,0.4243971631205674,0.22
76128533B53717296822608,3,0.6283870967741936,0.37
76128533B53717296822608,4,3.586266666666667,1.9849999999999999
76128533B53717296822608,5,3.7392258064516133,3.21
76128533B53717296822608,6,4.565933333333334,3.755
76128533B53717296822608,7,3.7866451612903225,3.24
76128533B53717296822608,8,2.967483870967742,2.69
76128533B53791014455989,9,2.9964,2.42
76128533B53791014455989,10,0.7314838709677419,0.29
76128533B53791014455989,11,0.17406666666666668,0.18
76128533B53791014455989,12,0.10154838709677419,0.12
76128533B53791014455989,1,0.02490322580645161,0.0
76128533B53791014455989,2,0.0,0.0
76128533B53791014455989,3,0.0,0.0
76128533B53791014455989,4,0.0,0.0
76128533B53791014455989,5,0.0,0.0
76128533B53791014455989,6,0.15153333333333333,0.0
76128533B53791014455989,7,1.807806451612903,0.47
76128533B53791014455989,8,5.306645161290322,5.4
76128533B54306414631532,9,615.4132,408.35
76128533B54306414631532,10,136.85696774193548,40.21
76128533B54306414631532,11,13.160933333333332,5.6850000000000005
76128533B54306414631532,12,43.658903225806455,37.28
76128533B54306414631532,1,34.30193548387097,32.88
76128533B54306414631532,2,27.605319148936168,27.64
76128533B54306414631532,3,24.251483870967743,24.35
76128533B54306414631532,4,21.79413333333333,21.8
76128533B54306414631532,5,22.120709677419356,20.78
76128533B54306414631532,6,71.97233333333334,22.77
76128533B54306414631532,7,759.0857419354838,447.75
76128533B54306414631532,8,804.6534193548387,449.82
76128533B54396396829952,9,161.213,161.375
76128533B54396396829952,10,100.7661935483871,96.27
76128533B54396396829952,11,55.568000000000005,51.725
76128533B54396396829952,12,23.627870967741938,21.54
76128533B54396396829952,1,13.747677419354838,14.03
76128533B54396396829952,2,9.889574468085106,10.35
76128533B54396396829952,3,10.84167741935484,10.75
76128533B54396396829952,4,11.675133333333333,11.315000000000001
76128533B54396396829952,5,53.99316129032258,15.22
76128533B54396396829952,6,132.46026666666668,96.16499999999999
76128533B54396396829952,7,300.8714838709678,286.08
76128533B54396396829952,8,215.50400000000002,206.01
76128533B54517225652088,9,0.6674666666666667,0.665
76128533B54517225652088,10,0.5343225806451612,0.48
76128533B54517225652088,11,0.09179999999999999,0.09
76128533B54517225652088,12,0.08219354838709678,0.07
76128533B54517225652088,1,0.07587096774193548,0.06
76128533B54517225652088,2,0.06886524822695035,0.05
76128533B54517225652088,3,0.056903225806451616,0.03
76128533B54517225652088,4,0.047999999999999994,0.03
76128533B54517225652088,5,0.041032258064516124,0.03
76128533B54517225652088,6,0.06253333333333334,0.0
76128533B54517225652088,7,0.19916129032258065,0.08
76128533B54517225652088,8,1.1034193548387097,1.05
76128533B54775433755383,9,0.24666666666666667,0.15
76128533B54775433755383,10,0.29038709677419355,0.11
76128533B54775433755383,11,0.20766666666666667,0.09
76128533B54775433755383,12,0.06812903225806452,0.06
76128533B54775433755383,1,0.03432258064516129,0.03
76128533B54775433755383,2,0.019432624113475176,0.02
76128533B54775433755383,3,0.006580645161290323,0.0
76128533B54775433755383,4,0.027733333333333336,0.03
76128533B54775433755383,5,0.03483870967741935,0.03
76128533B54775433755383,6,0.06273333333333334,0.03
76128533B54775433755383,7,0.7278064516129032,0.53
76128533B54775433755383,8,0.5240645161290323,0.5
76128533B55519385298440,9,2.1000666666666667,1.92
76128533B55519385298440,10,1.5290322580645161,1.33
76128533B55519385298440,11,0.4384666666666666,0.24
76128533B55519385298440,12,0.1970967741935484,0.19
76128533B55519385298440,1,0.1735483870967742,0.16
76128533B55519385298440,2,0.18609929078014187,0.16
76128533B55519385298440,3,0.30496774193548387,0.19
76128533B55519385298440,4,0.8902666666666667,0.635
76128533B55519385298440,5,1.6479354838709679,1.36
76128533B55519385298440,6,3.3817999999999997,2.855
76128533B55519385298440,7,3.1838709677419357,2.78
76128533B55519385298440,8,2.6676129032258067,2.66
76128533B55603381222870,9,4.9619333333333335,4.085
76128533B55603381222870,10,1.9689677419354839,1.61
76128533B55603381222870,11,0.42533333333333334,0.45
76128533B55603381222870,12,0.19212903225806452,0.22
76128533B55603381222870,1,0.0207741935483871,0.0
76128533B55603381222870,2,0.0,0.0
76128533B55603381222870,3,0.0005806451612903225,0.0
76128533B55603381222870,4,0.0007333333333333333,0.0
76128533B55603381222870,5,0.011225806451612903,0.0
76128533B55603381222870,6,0.04646666666666666,0.0
76128533B55603381222870,7,3.2678709677419353,0.77
76128533B55603381222870,8,4.798709677419355,3.69
76128533B55622097933343,9,0.3682666666666667,0.02
76128533B55622097933343,10,0.9318709677419355,0.03
76128533B55622097933343,11,2.8498666666666668,0.62
76128533B55622097933343,12,2.5614193548387094,0.26
76128533B55622097933343,1,0.15954838709677419,0.02
76128533B55622097933343,2,0.0006382978723404255,0.0
76128533B55622097933343,3,0.0,0.0
76128533B55622097933343,4,0.0,0.0
76128533B55622097933343,5,0.003870967741935484,0.0
76128533B55622097933343,6,0.0029333333333333334,0.0
76128533B55622097933343,7,0.12851612903225806,0.0
76128533B55622097933343,8,0.03935483870967742,0.02
76128533B55878637000592,9,8.2272,7.8
76128533B55878637000592,10,5.374258064516129,4.43
76128533B55878637000592,11,2.1633333333333336,1.9
76128533B55878637000592,12,1.1712258064516128,1.09
76128533B55878637000592,1,1.020709677419355,1.01
76128533B55878637000592,2,0.9873049645390072,0.99
76128533B55878637000592,3,1.0216774193548388,1.0
76128533B55878637000592,4,3.291466666666667,2.2
76128533B55878637000592,5,7.850774193548387,6.14
76128533B55878637000592,6,11.073266666666667,8.84
76128533B55878637000592,7,10.742258064516129,10.12
76128533B55878637000592,8,12.08025806451613,11.11
76128533B56012535339305,9,6.555066666666667,5.93
76128533B56012535339305,10,4.579677419354839,3.32
76128533B56012535339305,11,0.7803333333333333,0.535
76128533B56012535339305,12,0.31941935483870965,0.32
76128533B56012535339305,1,0.26903225806451614,0.26
76128533B56012535339305,2,0.23957446808510638,0.23
76128533B56012535339305,3,0.20709677419354838,0.2
76128533B56012535339305,4,0.8629999999999999,0.19
76128533B56012535339305,5,3.4101290322580646,0.66
76128533B56012535339305,6,12.894733333333333,8.004999999999999
76128533B56012535339305,7,10.423677419354838,8.77
76128533B56012535339305,8,10.115548387096775,9.91
76128533B56050914259601,9,0.39873333333333333,0.2
76128533B56050914259601,10,0.21438709677419357,0.14
76128533B56050914259601,11,0.1568,0.13
76128533B56050914259601,12,0.24148387096774193,0.17
76128533B56050914259601,1,0.4380645161290323,0.19
76128533B56050914259601,2,0.2507801418439716,0.16
76128533B56050914259601,3,0.2343225806451613,0.12
76128533B56050914259601,4,0.1882666666666667,0.16
76128533B56050914259601,5,0.276,0.19
76128533B56050914259601,6,0.40099999999999997,0.19
76128533B56050914259601,7,1.1269032258064517,0.47
76128533B56050914259601,8,0.7989677419354839,0.45
76128533B56857410767766,9,1.5165333333333333,0.33
76128533B56857410767766,10,0.2801290322580645,0.12
76128533B56857410767766,11,0.07866666666666668,0.07
76128533B56857410767766,12,0.08148387096774193,0.06
76128533B56857410767766,1,0.05083870967741936,0.05
76128533B56857410767766,2,0.05964539007092199,0.06
76128533B56857410767766,3,0.05999999999999999,0.06
76128533B56857410767766,4,0.06373333333333334,0.06
76128533B56857410767766,5,0.20038709677419356,0.06
76128533B56857410767766,6,0.4792666666666667,0.09
76128533B56857410767766,7,1.5202580645161292,0.78
76128533B56857410767766,8,0.6374193548387097,0.31
76128533B57183548666997,9,0.10226666666666667,0.09
76128533B57183548666997,10,0.026516129032258067,0.02
76128533B57183548666997,11,0.0006666666666666668,0.0
76128533B57183548666997,12,0.008129032258064516,0.0
76128533B57183548666997,1,0.00929032258064516,0.0
76128533B57183548666997,2,0.012765957446808512,0.02
76128533B57183548666997,3,0.016,0.02
76128533B57183548666997,4,0.016,0.02
76128533B57183548666997,5,0.007806451612903225,0.0
76128533B57183548666997,6,0.07466666666666666,0.0
76128533B57183548666997,7,0.8355483870967741,0.61
76128533B57183548666997,8,0.40025806451612905,0.33
76128533B57609583882472,9,93.2494,82.855
76128533B57609583882472,10,56.87103225806452,49.47
76128533B57609583882472,11,33.75973333333334,27.675
76128533B57609583882472,12,13.283225806451613,11.05
76128533B57609583882472,1,6.338064516129032,5.1
76128533B57609583882472,2,3.401631205673759,3.38
76128533B57609583882472,3,2.0261935483870968,1.65
76128533B57609583882472,4,6.428333333333334,5.9
76128533B57609583882472,5,41.749870967741934,13.76
76128533B57609583882472,6,68.4482,49.935
76128533B57609583882472,7,167.59709677419355,147.25
76128533B57609583882472,8,123.89851612903226,119.5
76128533B57691508962219,9,20.061,12.74
76128533B57691508962219,10,4.057032258064516,1.11
76128533B57691508962219,11,0.5648666666666667,0.525
76128533B57691508962219,12,0.7158709677419355,0.59
76128533B57691508962219,1,0.45664516129032257,0.41
76128533B57691508962219,2,0.25248226950354613,0.25
76128533B57691508962219,3,0.16516129032258065,0.12
76128533B57691508962219,4,0.03826666666666667,0.03
76128533B57691508962219,5,0.06658064516129032,0.02
76128533B57691508962219,6,3.6242,0.175
76128533B57691508962219,7,27.978903225806448,23.49
76128533B57691508962219,8,25.765032258064515,16.26
76128533B57712033428660,9,22.130133333333333,4.52
76128533B57712033428660,10,6.831483870967743,2.69
76128533B57712033428660,11,1.9797333333333331,1.18
76128533B57712033428660,12,1.542258064516129,0.85
76128533B57712033428660,1,1.4625806451612902,0.91
76128533B57712033428660,2,1.1597163120567378,0.91
76128533B57712033428660,3,1.1050322580645162,0.87
76128533B57712033428660,4,1.0608,0.97
76128533B57712033428660,5,1.3118709677419356,1.06
76128533B57712033428660,6,2.0562666666666667,1.13
76128533B57712033428660,7,11.29967741935484,6.33
76128533B57712033428660,8,23.11109677419355,12.0
76128533B57825981663822,9,1.5298666666666667,1.4
76128533B57825981663822,10,1.0101290322580645,0.86
76128533B57825981663822,11,0.2526,0.17
76128533B57825981663822,12,0.1424516129032258,0.14
76128533B57825981663822,1,0.12019354838709677,0.11
76128533B57825981663822,2,0.12900709219858156,0.11
76128533B57825981663822,3,0.14541935483870969,0.12
76128533B57825981663822,4,1.2738666666666667,0.34
76128533B57825981663822,5,1.1525806451612903,0.63
76128533B57825981663822,6,2.239466666666667,1.775
76128533B57825981663822,7,2.355870967741936,2.06
76128533B57825981663822,8,1.9416129032258065,1.56
76128533B57893545331548,9,3.6209333333333333,3.3449999999999998
76128533B57893545331548,10,1.9352258064516128,1.81
76128533B57893545331548,11,0.5794,0.46499999999999997
76128533B57893545331548,12,0.1696774193548387,0.15
76128533B57893545331548,1,0.11883870967741937,0.12
76128533B57893545331548,2,0.08574468085106383,0.09
76128533B57893545331548,3,0.055935483870967743,0.06
76128533B57893545331548,4,0.02493333333333333,0.03
76128533B57893545331548,5,0.004451612903225806,0.0
76128533B57893545331548,6,0.026266666666666667,0.0
76128533B57893545331548,7,1.9098064516129032,1.31
76128533B57893545331548,8,5.117806451612903,4.38
76128533B57995625790051,9,2.8454,2.535
76128533B57995625790051,10,2.0398709677419355,1.85
76128533B57995625790051,11,0.541,0.395
76128533B57995625790051,12,0.20400000000000001,0.19
76128533B57995625790051,1,0.18006451612903226,0.17
76128533B57995625790051,2,0.17078014184397164,0.16
76128533B57995625790051,3,0.1716774193548387,0.16
76128533B57995625790051,4,0.2692,0.19
76128533B57995625790051,5,0.9967096774193549,0.55
76128533B57995625790051,6,2.5177333333333336,1.745
76128533B57995625790051,7,3.592064516129032,3.25
76128533B57995625790051,8,3.9056774193548387,3.81
76128533B58262202014972,9,1.2991333333333335,0.625
76128533B58262202014972,10,0.6272903225806452,0.34
76128533B58262202014972,11,0.3413333333333334,0.32
76128533B58262202014972,12,0.3309677419354839,0.28
76128533B58262202014972,1,0.4535483870967742,0.3
76128533B58262202014972,2,0.40127659574468083,0.33
76128533B58262202014972,3,0.46716129032258064,0.31
76128533B58262202014972,4,0.3629333333333334,0.34
76128533B58262202014972,5,0.5683225806451613,0.37
76128533B58262202014972,6,0.7172,0.41
76128533B58262202014972,7,1.6803870967741934,0.97
76128533B58262202014972,8,1.1628387096774193,0.85
76128533B58537895532859,9,1.0643333333333334,1.02
76128533B58537895532859,10,0.6863225806451613,0.67
76128533B58537895532859,11,0.41233333333333333,0.41
76128533B58537895532859,12,0.23832258064516126,0.23
76128533B58537895532859,1,0.1889032258064516,0.19
76128533B58537895532859,2,0.17957446808510638,0.19
76128533B58537895532859,3,0.16774193548387098,0.16
76128533B58537895532859,4,0.1622,0.16
76128533B58537895532859,5,0.14619354838709678,0.16
76128533B58537895532859,6,0.6054666666666666,0.19
76128533B58537895532859,7,2.3043225806451613,1.75
76128533B58537895532859,8,1.5077419354838708,1.44
76128533B5855800361016,9,2.5311333333333335,2.3
76128533B5855800361016,10,1.6756129032258067,1.37
76128533B5855800361016,11,0.7996666666666666,0.8
76128533B5855800361016,12,0.736516129032258,0.69
76128533B5855800361016,1,0.6979354838709678,0.66
76128533B5855800361016,2,0.8284397163120567,0.75
76128533B5855800361016,3,0.8034193548387096,0.75
76128533B5855800361016,4,0.8689333333333333,0.85
76128533B5855800361016,5,1.1187096774193548,0.94
76128533B5855800361016,6,1.3748666666666667,1.03
76128533B5855800361016,7,1.9793548387096775,1.75
76128533B5855800361016,8,3.212709677419355,3.06
76128533B58569599021232,9,6.450333333333333,6.609999999999999
76128533B58569599021232,10,4.079354838709677,3.85
76128533B58569599021232,11,2.0312666666666668,1.81
76128533B58569599021232,12,1.3969032258064518,1.4
76128533B58569599021232,1,1.4838064516129033,1.36
76128533B58569599021232,2,1.4251773049645389,1.31
76128533B58569599021232,3,1.2385806451612902,1.25
76128533B58569599021232,4,1.1112666666666666,1.19
76128533B58569599021232,5,1.046709677419355,1.09
76128533B58569599021232,6,0.9255333333333334,0.91
76128533B58569599021232,7,3.559096774193548,1.23
76128533B58569599021232,8,7.803354838709677,8.59
76128533B58697472287618,9,1.5431333333333332,1.4049999999999998
76128533B58697472287618,10,1.197032258064516,0.89
76128533B58697472287618,11,0.22506666666666666,0.17
76128533B58697472287618,12,0.17980645161290323,0.14
76128533B58697472287618,1,0.16296774193548388,0.12
76128533B58697472287618,2,0.14787234042553193,0.11
76128533B58697472287618,3,0.1329032258064516,0.09
76128533B58697472287618,4,0.11273333333333334,0.08
76128533B58697472287618,5,0.09012903225806453,0.06
76128533B58697472287618,6,0.16046666666666667,0.03
76128533B58697472287618,7,0.6050322580645161,0.41
76128533B58697472287618,8,1.717741935483871,1.52
76128533B58876508630362,9,0.042866666666666664,0.02
76128533B58876508630362,10,0.01470967741935484,0.02
76128533B58876508630362,11,0.0031333333333333335,0.0
76128533B58876508630362,12,0.0007741935483870968,0.0
76128533B58876508630362,1,0.015161290322580645,0.0
76128533B58876508630362,2,0.0035460992907801418,0.0
76128533B58876508630362,3,0.0008387096774193549,0.0
76128533B58876508630362,4,0.0,0.0
76128533B58876508630362,5,0.0001935483870967742,0.0
76128533B58876508630362,6,0.0019333333333333331,0.0
76128533B58876508630362,7,0.14200000000000002,0.02
76128533B58876508630362,8,0.11264516129032259,0.1
76128533B59405966069108,9,1.4209333333333332,1.255
76128533B59405966069108,10,1.0761935483870968,1.08
76128533B59405966069108,11,0.4376666666666667,0.41
76128533B59405966069108,12,0.2609677419354839,0.17
76128533B59405966069108,1,0.15348387096774196,0.16
76128533B59405966069108,2,0.14141843971631207,0.14
76128533B59405966069108,3,0.13135483870967743,0.12
76128533B59405966069108,4,0.11413333333333334,0.12
76128533B59405966069108,5,0.10748387096774194,0.12
76128533B59405966069108,6,0.14073333333333332,0.12
76128533B59405966069108,7,0.8032903225806451,0.3
76128533B59405966069108,8,1.2418064516129033,0.87
76128533B60261306484775,9,113.527,78.91499999999999
76128533B60261306484775,10,26.076193548387096,6.05
76128533B60261306484775,11,2.4805333333333333,2.165
76128533B60261306484775,12,3.7683225806451617,1.45
76128533B60261306484775,1,0.5681935483870968,0.52
76128533B60261306484775,2,0.2153900709219858,0.22
76128533B60261306484775,3,0.17651612903225805,0.17
76128533B60261306484775,4,0.19153333333333333,0.19
76128533B60261306484775,5,0.2261290322580645,0.19
76128533B60261306484775,6,5.127066666666666,0.34
76128533B60261306484775,7,144.8358064516129,82.18
76128533B60261306484775,8,90.01393548387097,53.2
76128533B60360721573267,9,2.9394666666666667,2.375
76128533B60360721573267,10,1.125225806451613,0.97
76128533B60360721573267,11,0.7648,0.73
76128533B60360721573267,12,0.7414838709677419,0.66
76128533B60360721573267,1,0.6769032258064516,0.64
76128533B60360721573267,2,0.7370921985815603,0.75
76128533B60360721573267,3,0.7495483870967742,0.73
76128533B60360721573267,4,0.8510666666666666,0.85
76128533B60360721573267,5,0.8861290322580645,0.85
76128533B60360721573267,6,1.4498,1.0
76128533B60360721573267,7,3.2410967741935486,2.62
76128533B60360721573267,8,2.855290322580645,2.33
76128533B6050540865870,9,0.9112,0.735
76128533B6050540865870,10,0.5376129032258065,0.43
76128533B6050540865870,11,0.05653333333333334,0.06
76128533B6050540865870,12,0.0392258064516129,0.05
76128533B6050540865870,1,0.024774193548387096,0.03
76128533B6050540865870,2,0.016453900709219857,0.0
76128533B6050540865870,3,0.005999999999999999,0.0
76128533B6050540865870,4,0.0006,0.0
76128533B6050540865870,5,0.001161290322580645,0.0
76128533B6050540865870,6,0.3408666666666667,0.0
76128533B6050540865870,7,0.7795483870967742,0.22
76128533B6050540865870,8,1.1184516129032258,1.08
76128533B60721316645780,9,1.3400666666666665,1.2149999999999999
76128533B60721316645780,10,0.8998709677419354,0.88
76128533B60721316645780,11,0.16533333333333333,0.16
76128533B60721316645780,12,0.14264516129032256,0.14
76128533B60721316645780,1,0.12425806451612904,0.12
76128533B60721316645780,2,0.1176595744680851,0.12
76128533B60721316645780,3,0.09787096774193549,0.09
76128533B60721316645780,4,0.08873333333333333,0.09
76128533B60721316645780,5,0.08696774193548387,0.09
76128533B60721316645780,6,0.43679999999999997,0.09
76128533B60721316645780,7,0.6221290322580646,0.16
76128533B60721316645780,8,1.5736774193548386,1.48
76128533B60893804631193,9,14.9474,11.805
76128533B60893804631193,10,9.536451612903226,8.27
76128533B60893804631193,11,2.3064,2.18
76128533B60893804631193,12,1.628516129032258,1.59
76128533B60893804631193,1,1.2712258064516129,1.2
76128533B60893804631193,2,0.9869503546099291,0.91
76128533B60893804631193,3,0.7223225806451613,0.64
76128533B60893804631193,4,0.4643333333333334,0.365
76128533B60893804631193,5,0.9434193548387096,0.12
76128533B60893804631193,6,2.6167333333333334,0.175
76128533B60893804631193,7,11.737419354838709,1.65
76128533B60893804631193,8,14.401870967741935,12.87
76128533B61117593923933,9,3.9929333333333337,3.35
76128533B61117593923933,10,4.205032258064516,3.6
76128533B61117593923933,11,4.220866666666667,3.435
76128533B61117593923933,12,2.717741935483871,1.8
76128533B61117593923933,1,0.9145161290322581,0.64
76128533B61117593923933,2,0.5514184397163121,0.55
76128533B61117593923933,3,0.5243870967741936,0.53
76128533B61117593923933,4,0.6709333333333334,0.56
76128533B61117593923933,5,2.4040645161290324,0.97
76128533B61117593923933,6,4.332466666666667,4.15
76128533B61117593923933,7,4.6165806451612905,4.11
76128533B61117593923933,8,4.180903225806452,3.62
76128533B61235952222315,9,4.0218,3.94
76128533B61235952222315,10,3.202967741935484,2.99
76128533B61235952222315,11,1.2725333333333333,1.14
76128533B61235952222315,12,0.6052903225806451,0.59
76128533B61235952222315,1,0.4687096774193549,0.42
76128533B61235952222315,2,0.724822695035461,0.69
76128533B61235952222315,3,1.4059354838709677,1.38
76128533B61235952222315,4,2.0197333333333334,1.93
76128533B61235952222315,5,3.3458064516129036,3.0
76128533B61235952222315,6,5.790533333333333,5.035
76128533B61235952222315,7,5.459225806451612,5.41
76128533B61235952222315,8,5.274774193548387,4.92
76128533B62153454383166,9,9.386733333333334,6.415
76128533B62153454383166,10,1.6473548387096775,0.94
76128533B62153454383166,11,0.39993333333333336,0.405
76128533B62153454383166,12,0.17341935483870968,0.17
76128533B62153454383166,1,0.03825806451612903,0.03
76128533B62153454383166,2,0.03056737588652482,0.03
76128533B62153454383166,3,0.029999999999999995,0.03
76128533B62153454383166,4,0.03,0.03
76128533B62153454383166,5,0.12148387096774192,0.03
76128533B62153454383166,6,0.15966666666666665,0.03
76128533B62153454383166,7,3.7587741935483874,0.94
76128533B62153454383166,8,6.54883870967742,2.83
76128533B62794162648247,9,1.5675333333333332,1.43
76128533B62794162648247,10,1.3672903225806452,1.16
76128533B62794162648247,11,0.25560000000000005,0.19
76128533B62794162648247,12,0.15683870967741936,0.16
76128533B62794162648247,1,0.14393548387096775,0.14
76128533B62794162648247,2,0.15354609929078017,0.16
76128533B62794162648247,3,0.15329032258064518,0.16
76128533B62794162648247,4,0.17273333333333332,0.16
76128533B62794162648247,5,0.2793548387096774,0.22
76128533B62794162648247,6,0.532,0.31
76128533B62794162648247,7,1.276967741935484,1.25
76128533B62794162648247,8,1.6093548387096774,1.67
76128533B6310527412636,9,36.90873333333334,32.075
76128533B6310527412636,10,23.40522580645161,22.28
76128533B6310527412636,11,8.3888,7.859999999999999
76128533B6310527412636,12,2.545741935483871,2.27
76128533B6310527412636,1,1.6106451612903225,1.62
76128533B6310527412636,2,1.3136879432624113,1.23
76128533B6310527412636,3,1.0321935483870968,0.97
76128533B6310527412636,4,0.7995333333333334,0.75
76128533B6310527412636,5,0.5909032258064516,0.56
76128533B6310527412636,6,2.0924666666666667,0.63
76128533B6310527412636,7,17.747290322580646,17.54
76128533B6310527412636,8,37.57348387096774,29.13
76128533B63117839967753,9,22.261866666666666,14.425
76128533B63117839967753,10,11.651870967741935,8.57
76128533B63117839967753,11,2.0480666666666667,0.8
76128533B63117839967753,12,0.7203870967741935,0.6
76128533B63117839967753,1,0.448,0.42
76128533B63117839967753,2,0.25574468085106383,0.23
76128533B63117839967753,3,0.138,0.09
76128533B63117839967753,4,0.09480000000000001,0.06
76128533B63117839967753,5,4.106645161290323,0.16
76128533B63117839967753,6,30.6958,10.245000000000001
76128533B63117839967753,7,89.70858064516129,81.22
76128533B63117839967753,8,34.39935483870968,23.15
76128533B6330405394721,9,0.3494,0.305
76128533B6330405394721,10,0.20870967741935484,0.21
76128533B6330405394721,11,0.1188,0.07
76128533B6330405394721,12,0.050193548387096776,0.05
76128533B6330405394721,1,0.0592258064516129,0.05
76128533B6330405394721,2,0.05028368794326241,0.05
76128533B6330405394721,3,0.04625806451612903,0.03
76128533B6330405394721,4,0.0578,0.06
76128533B6330405394721,5,0.06574193548387096,0.06
76128533B6330405394721,6,0.0842,0.06
76128533B6330405394721,7,0.3506451612903226,0.2
76128533B6330405394721,8,0.6415483870967742,0.58
76128533B63366045987285,9,34.22593333333334,31.585
76128533B63366045987285,10,21.242064516129034,19.09
76128533B63366045987285,11,15.119933333333332,11.955
76128533B63366045987285,12,7.066322580645161,6.24
76128533B63366045987285,1,4.966387096774193,4.01
76128533B63366045987285,2,3.1321985815602837,3.09
76128533B63366045987285,3,2.817032258064516,2.81
76128533B63366045987285,4,3.0036,2.85
76128533B63366045987285,5,15.603483870967741,3.59
76128533B63366045987285,6,31.51786666666667,24.76
76128533B63366045987285,7,68.42270967741936,61.66
76128533B63366045987285,8,48.58490322580645,47.87
76128533B63599385776584,9,1.9453333333333334,1.0550000000000002
76128533B63599385776584,10,0.687483870967742,0.55
76128533B63599385776584,11,0.11520000000000001,0.095
76128533B63599385776584,12,0.06387096774193549,0.07
76128533B63599385776584,1,0.027806451612903228,0.02
76128533B63599385776584,2,0.008368794326241134,0.0
76128533B63599385776584,3,0.0,0.0
76128533B63599385776584,4,0.0,0.0
76128533B63599385776584,5,0.024129032258064516,0.0
76128533B63599385776584,6,0.0844,0.03
76128533B63599385776584,7,1.176774193548387,0.45
76128533B63599385776584,8,1.2388387096774194,0.5
76128533B63815467309300,9,59.141333333333336,53.015
76128533B63815467309300,10,33.015354838709676,31.66
76128533B63815467309300,11,9.566266666666667,7.76
76128533B63815467309300,12,2.684838709677419,2.55
76128533B63815467309300,1,1.8250322580645162,1.84
76128533B63815467309300,2,1.2060992907801418,1.23
76128533B63815467309300,3,0.71,0.69
76128533B63815467309300,4,0.38393333333333335,0.34
76128533B63815467309300,5,0.28619354838709676,0.23
76128533B63815467309300,6,0.5819333333333334,0.39
76128533B63815467309300,7,49.79090322580645,24.88
76128533B63815467309300,8,65.12458064516129,66.14
76128533B6393836306469,9,0.2358666666666667,0.22
76128533B6393836306469,10,0.15916129032258067,0.16
76128533B6393836306469,11,0.14853333333333335,0.16
76128533B6393836306469,12,0.13658064516129034,0.14
76128533B6393836306469,1,0.1213548387096774,0.12
76128533B6393836306469,2,0.1126950354609929,0.12
76128533B6393836306469,3,0.1336774193548387,0.12
76128533B6393836306469,4,0.2859333333333333,0.26
76128533B6393836306469,5,0.32980645161290323,0.37
76128533B6393836306469,6,0.20253333333333332,0.16
76128533B6393836306469,7,0.22212903225806452,0.16
76128533B6393836306469,8,0.3650322580645161,0.37
76128533B6397758882978,9,4.9038,2.755
76128533B6397758882978,10,1.1828387096774193,0.23
76128533B6397758882978,11,0.19433333333333333,0.11
76128533B6397758882978,12,0.10683870967741935,0.05
76128533B6397758882978,1,0.026903225806451613,0.03
76128533B6397758882978,2,0.024893617021276595,0.02
76128533B6397758882978,3,0.028,0.03
76128533B6397758882978,4,0.028,0.03
76128533B6397758882978,5,0.053032258064516134,0.03
76128533B6397758882978,6,0.7224,0.06
76128533B6397758882978,7,6.706193548387097,3.65
76128533B6397758882978,8,3.311935483870968,1.09
76128533B64161607349718,9,2.5061333333333335,1.71
76128533B64161607349718,10,1.544709677419355,1.19
76128533B64161607349718,11,1.1456666666666666,1.1
76128533B64161607349718,12,1.0545806451612905,0.95
76128533B64161607349718,1,1.352709677419355,1.05
76128533B64161607349718,2,1.1232624113475178,1.09
76128533B64161607349718,3,1.1238709677419356,1.03
76128533B64161607349718,4,1.1753333333333333,1.14
76128533B64161607349718,5,1.4936774193548388,1.22
76128533B64161607349718,6,1.8773333333333335,1.41
76128533B64161607349718,7,3.398258064516129,2.95
76128533B64161607349718,8,3.662193548387097,2.05
76128533B64596101949699,9,0.07773333333333333,0.07
76128533B64596101949699,10,0.052838709677419354,0.05
76128533B64596101949699,11,0.03333333333333333,0.03
76128533B64596101949699,12,0.13696774193548386,0.14
76128533B64596101949699,1,0.03896774193548387,0.03
76128533B64596101949699,2,0.006028368794326241,0.0
76128533B64596101949699,3,0.0047741935483870965,0.0
76128533B64596101949699,4,0.0012,0.0
76128533B64596101949699,5,0.004258064516129032,0.0
76128533B64596101949699,6,0.006933333333333334,0.0
76128533B64596101949699,7,0.06438709677419355,0.05
76128533B64596101949699,8,0.10477419354838712,0.09
76128533B64834018186186,9,395.93493333333333,378.795
76128533B64834018186186,10,86.98012903225806,60.8
76128533B64834018186186,11,16.040200000000002,15.73
76128533B64834018186186,12,12.761290322580646,12.68
76128533B64834018186186,1,7.799096774193548,7.04
76128533B64834018186186,2,5.0080141843971635,4.81
76128533B64834018186186,3,4.523612903225806,4.37
76128533B64834018186186,4,4.8054,4.78
76128533B64834018186186,5,5.518903225806452,5.03
76128533B64834018186186,6,22.05773333333333,5.73
76128533B64834018186186,7,366.53567741935484,255.45
76128533B64834018186186,8,751.567935483871,720.11
76128533B64905184636422,9,0.6016666666666667,0.365
76128533B64905184636422,10,1.459741935483871,0.16
76128533B64905184636422,11,1.044,0.02
76128533B64905184636422,12,0.09593548387096774,0.02
76128533B64905184636422,1,0.0026451612903225807,0.0
76128533B64905184636422,2,0.0,0.0
76128533B64905184636422,3,0.0,0.0
76128533B64905184636422,4,0.0006666666666666668,0.0
76128533B64905184636422,5,0.040129032258064516,0.03
76128533B64905184636422,6,0.07573333333333333,0.06
76128533B64905184636422,7,0.844,0.16
76128533B64905184636422,8,1.1503870967741936,0.16
76128533B65773363805797,9,101.29386666666666,92.65
76128533B65773363805797,10,83.34548387096774,72.45
76128533B65773363805797,11,25.066266666666667,22.66
76128533B65773363805797,12,12.335225806451612,12.12
76128533B65773363805797,1,10.340645161290322,9.99
76128533B65773363805797,2,10.007163120567375,9.67
76128533B65773363805797,3,9.578129032258063,9.5
76128533B65773363805797,4,10.258866666666666,10.015
76128533B65773363805797,5,16.74606451612903,13.13
76128533B65773363805797,6,52.501133333333335,40.16
76128533B65773363805797,7,132.61051612903228,126.06
76128533B65773363805797,8,124.38322580645162,117.58
76128533B66125202864966,9,9.611933333333333,6.045
76128533B66125202864966,10,8.87625806451613,6.01
76128533B66125202864966,11,3.5194666666666663,1.71
76128533B66125202864966,12,1.377225806451613,1.26
76128533B66125202864966,1,0.9207741935483871,0.86
76128533B66125202864966,2,0.6848936170212766,0.61
76128533B66125202864966,3,0.3965161290322581,0.34
76128533B66125202864966,4,0.32839999999999997,0.22
76128533B66125202864966,5,6.871806451612904,0.72
76128533B66125202864966,6,15.769666666666666,13.59
76128533B66125202864966,7,18.287161290322583,13.09
76128533B66125202864966,8,16.612387096774196,11.27
76128533B66134271591289,9,1.8797333333333333,1.44
76128533B66134271591289,10,0.3231612903225807,0.07
76128533B66134271591289,11,0.05453333333333333,0.05
76128533B66134271591289,12,0.04316129032258065,0.04
76128533B66134271591289,1,0.031354838709677424,0.03
76128533B66134271591289,2,0.013546099290780142,0.02
76128533B66134271591289,3,0.0036774193548387095,0.0
76128533B66134271591289,4,0.0,0.0
76128533B66134271591289,5,0.0,0.0
76128533B66134271591289,6,0.030733333333333335,0.0
76128533B66134271591289,7,2.686064516129032,2.01
76128533B66134271591289,8,3.054774193548387,2.16
76128533B66145460152555,9,3.9156000000000004,2.4699999999999998
76128533B66145460152555,10,1.0614193548387096,0.29
76128533B66145460152555,11,0.22180000000000002,0.18
76128533B66145460152555,12,0.18929032258064515,0.16
76128533B66145460152555,1,0.14341935483870968,0.12
76128533B66145460152555,2,0.12000000000000001,0.12
76128533B66145460152555,3,0.10200000000000001,0.09
76128533B66145460152555,4,0.08426666666666666,0.09
76128533B66145460152555,5,0.08032258064516129,0.08
76128533B66145460152555,6,0.14293333333333333,0.06
76128533B66145460152555,7,7.066322580645161,3.56
76128533B66145460152555,8,3.9049032258064518,2.56
76128533B66335428496945,9,160.0726,169.805
76128533B66335428496945,10,34.159032258064514,15.48
76128533B66335428496945,11,7.8078,8.26
76128533B66335428496945,12,5.615032258064517,5.68
76128533B66335428496945,1,3.5320645161290325,3.41
76128533B66335428496945,2,1.79645390070922,1.62
76128533B66335428496945,3,1.2268387096774194,1.19
76128533B66335428496945,4,1.2548666666666666,1.28
76128533B66335428496945,5,1.5100645161290323,1.38
76128533B66335428496945,6,17.109333333333336,1.53
76128533B66335428496945,7,165.7592258064516,64.77
76128533B66335428496945,8,416.2921935483871,265.07
76128533B66426066081507,9,16.9762,15.809999999999999
76128533B66426066081507,10,12.71483870967742,11.3
76128533B66426066081507,11,2.0409333333333333,1.99
76128533B66426066081507,12,1.6250967741935483,1.58
76128533B66426066081507,1,1.2784516129032257,1.19
76128533B66426066081507,2,1.344822695035461,1.28
76128533B66426066081507,3,1.211290322580645,1.11
76128533B66426066081507,4,1.3476666666666668,1.25
76128533B66426066081507,5,1.004516129032258,0.91
76128533B66426066081507,6,7.2852,0.91
76128533B66426066081507,7,11.26909677419355,4.52
76128533B66426066081507,8,19.372774193548388,19.18
76128533B66682530790248,9,20494.209466666667,19928.785
76128533B66682530790248,10,16481.997483870968,15487.17
76128533B66682530790248,11,6390.8462,5760.03
76128533B66682530790248,12,3106.311096774193,3018.95
76128533B66682530790248,1,2428.9900000000002,2448.06
76128533B66682530790248,2,2748.714680851064,2563.48
76128533B66682530790248,3,4179.467548387097,3774.72
76128533B66682530790248,4,9863.9216,8249.88
76128533B66682530790248,5,13894.993999999999,12245.16
76128533B66682530790248,6,27992.55013333333,26241.265
76128533B66682530790248,7,30031.795096774196,28706.82
76128533B66682530790248,8,24106.368451612903,23387.37
76128533B66719908763317,9,0.46766666666666673,0.14
76128533B66719908763317,10,0.6709032258064517,0.12
76128533B66719908763317,11,0.06566666666666666,0.06
76128533B66719908763317,12,0.037806451612903226,0.04
76128533B66719908763317,1,0.024258064516129035,0.02
76128533B66719908763317,2,0.023687943262411346,0.02
76128533B66719908763317,3,0.02470967741935484,0.03
76128533B66719908763317,4,0.0224,0.03
76128533B66719908763317,5,0.2558064516129033,0.03
76128533B66719908763317,6,0.3344666666666667,0.05
76128533B66719908763317,7,2.0092903225806453,0.69
76128533B66719908763317,8,0.8736774193548387,0.23
76128533B66790149147330,9,1.9971999999999999,1.8450000000000002
76128533B66790149147330,10,1.4541290322580647,1.31
76128533B66790149147330,11,0.2607333333333333,0.26
76128533B66790149147330,12,0.23090322580645162,0.23
76128533B66790149147330,1,0.19948387096774195,0.19
76128533B66790149147330,2,0.2150354609929078,0.19
76128533B66790149147330,3,0.18316129032258066,0.19
76128533B66790149147330,4,0.18253333333333333,0.16
76128533B66790149147330,5,0.17909677419354839,0.14
76128533B66790149147330,6,0.3712,0.19
76128533B66790149147330,7,0.8176774193548387,0.41
76128533B66790149147330,8,2.061741935483871,1.69
76128533B668165975951,9,18.6828,19.0
76128533B668165975951,10,13.230709677419357,13.13
76128533B668165975951,11,3.1781333333333333,1.9249999999999998
76128533B668165975951,12,1.1925161290322581,1.19
76128533B668165975951,1,0.8126451612903226,0.81
76128533B668165975951,2,0.526241134751773,0.53
76128533B668165975951,3,0.315741935483871,0.25
76128533B668165975951,4,0.23933333333333331,0.22
76128533B668165975951,5,0.21219354838709678,0.22
76128533B668165975951,6,0.36733333333333335,0.22
76128533B668165975951,7,8.216387096774193,3.22
76128533B668165975951,8,14.912451612903224,13.42
76128533B67004768724668,9,1.5362,0.95
76128533B67004768724668,10,0.6441935483870967,0.48
76128533B67004768724668,11,0.1074,0.05
76128533B67004768724668,12,0.041483870967741934,0.03
76128533B67004768724668,1,0.026838709677419356,0.02
76128533B67004768724668,2,0.012198581560283688,0.0
76128533B67004768724668,3,0.005290322580645161,0.0
76128533B67004768724668,4,0.0,0.0
76128533B67004768724668,5,0.0,0.0
76128533B67004768724668,6,0.26199999999999996,0.0
76128533B67004768724668,7,0.9790967741935483,0.94
76128533B67004768724668,8,1.1687096774193548,1.0
76128533B67018657649043,9,2.211,1.7149999999999999
76128533B67018657649043,10,1.406774193548387,1.31
76128533B67018657649043,11,0.42,0.375
76128533B67018657649043,12,0.10948387096774193,0.11
76128533B67018657649043,1,0.08251612903225806,0.08
76128533B67018657649043,2,0.06460992907801417,0.06
76128533B67018657649043,3,0.048451612903225805,0.06
76128533B67018657649043,4,0.03133333333333333,0.03
76128533B67018657649043,5,0.01974193548387097,0.03
76128533B67018657649043,6,0.09386666666666667,0.02
76128533B67018657649043,7,1.072709677419355,0.69
76128533B67018657649043,8,2.5146451612903227,1.73
76128533B67580812983244,9,0.44126666666666664,0.21000000000000002
76128533B67580812983244,10,0.19464516129032258,0.08
76128533B67580812983244,11,0.08120000000000001,0.07
76128533B67580812983244,12,0.12341935483870967,0.09
76128533B67580812983244,1,0.13096774193548388,0.06
76128533B67580812983244,2,0.09035460992907801,0.06
76128533B67580812983244,3,0.11303225806451613,0.06
76128533B67580812983244,4,0.07613333333333333,0.06
76128533B67580812983244,5,0.16251612903225807,0.09
76128533B67580812983244,6,0.22786666666666666,0.09
76128533B67580812983244,7,0.6327096774193549,0.37
76128533B67580812983244,8,0.4326451612903226,0.3
76128533B68195849750399,9,0.17173333333333335,0.16
76128533B68195849750399,10,0.1446451612903226,0.13
76128533B68195849750399,11,0.15226666666666666,0.13
76128533B68195849750399,12,0.15238709677419354,0.12
76128533B68195849750399,1,0.15961290322580646,0.12
76128533B68195849750399,2,0.20957446808510638,0.16
76128533B68195849750399,3,0.36593548387096775,0.36
76128533B68195849750399,4,0.3222666666666667,0.25
76128533B68195849750399,5,0.22477419354838712,0.19
76128533B68195849750399,6,0.16553333333333334,0.16
76128533B68195849750399,7,0.20948387096774193,0.17
76128533B68195849750399,8,0.29303225806451616,0.23
76128533B6828791241172,9,1323.9266,1282.85
76128533B6828791241172,10,979.7803225806452,869.96
76128533B6828791241172,11,416.0636,371.4
76128533B6828791241172,12,223.1915483870968,219.29
76128533B6828791241172,1,184.0172258064516,180.55
76128533B6828791241172,2,193.70985815602836,176.01
76128533B6828791241172,3,277.3545161290322,204.12
76128533B6828791241172,4,659.2284,485.41
76128533B6828791241172,5,971.284064516129,842.34
76128533B6828791241172,6,2572.8234666666667,2462.205
76128533B6828791241172,7,2363.759677419355,2196.86
76128533B6828791241172,8,1762.7036774193548,1716.91
76128533B68379889579232,9,118.0062,87.11
76128533B68379889579232,10,60.399741935483874,46.1
76128533B68379889579232,11,41.17593333333333,38.495000000000005
76128533B68379889579232,12,38.610516129032256,37.37
76128533B68379889579232,1,37.50470967741935,29.62
76128533B68379889579232,2,31.700709219858158,29.13
76128533B68379889579232,3,32.96858064516129,26.86
76128533B68379889579232,4,30.903066666666668,29.9
76128533B68379889579232,5,40.90425806451613,33.75
76128533B68379889579232,6,49.37826666666667,39.135000000000005
76128533B68379889579232,7,125.85735483870967,104.68
76128533B68379889579232,8,161.96432258064516,137.36
76128533B69417260894674,9,3.3033333333333332,1.93
76128533B69417260894674,10,1.1638064516129034,0.73
76128533B69417260894674,11,0.24286666666666668,0.15
76128533B69417260894674,12,0.10103225806451613,0.09
76128533B69417260894674,1,0.04658064516129032,0.03
76128533B69417260894674,2,0.016737588652482267,0.0
76128533B69417260894674,3,0.004451612903225806,0.0
76128533B69417260894674,4,0.0,0.0
76128533B69417260894674,5,0.0001935483870967742,0.0
76128533B69417260894674,6,0.022866666666666667,0.0
76128533B69417260894674,7,1.750516129032258,0.85
76128533B69417260894674,8,2.4662580645161287,1.38
76128533B69438085511257,9,1.3402666666666667,1.05
76128533B69438085511257,10,0.6325161290322581,0.38
76128533B69438085511257,11,0.2736,0.24
76128533B69438085511257,12,0.15670967741935482,0.14
76128533B69438085511257,1,0.11296774193548388,0.11
76128533B69438085511257,2,0.11936170212765956,0.12
76128533B69438085511257,3,0.11903225806451613,0.12
76128533B69438085511257,4,0.13340000000000002,0.12
76128533B69438085511257,5,0.22696774193548386,0.14
76128533B69438085511257,6,0.36213333333333336,0.16
76128533B69438085511257,7,1.290967741935484,0.7
76128533B69438085511257,8,1.2573548387096776,0.47
76128533B69481535535995,9,5.876533333333334,3.58
76128533B69481535535995,10,2.7595483870967743,2.01
76128533B69481535535995,11,0.7888,0.56
76128533B69481535535995,12,0.46722580645161293,0.45
76128533B69481535535995,1,0.364258064516129,0.36
76128533B69481535535995,2,0.29723404255319147,0.26
76128533B69481535535995,3,0.2243225806451613,0.19
76128533B69481535535995,4,0.20706666666666665,0.19
76128533B69481535535995,5,0.1874193548387097,0.19
76128533B69481535535995,6,0.2670666666666667,0.19
76128533B69481535535995,7,2.4634193548387096,0.77
76128533B69481535535995,8,3.678258064516129,2.93
76128533B69536039643660,9,0.16026666666666667,0.09
76128533B69536039643660,10,0.05987096774193548,0.04
76128533B69536039643660,11,0.026533333333333332,0.02
76128533B69536039643660,12,0.09161290322580645,0.07
76128533B69536039643660,1,0.03225806451612903,0.02
76128533B69536039643660,2,0.02198581560283688,0.02
76128533B69536039643660,3,0.01935483870967742,0.02
76128533B69536039643660,4,0.0092,0.0
76128533B69536039643660,5,0.027612903225806455,0.03
76128533B69536039643660,6,0.038066666666666665,0.03
76128533B69536039643660,7,0.1472258064516129,0.09
76128533B69536039643660,8,0.18980645161290324,0.15
76128533B70021405538438,9,0.8629999999999999,0.69
76128533B70021405538438,10,0.4954193548387097,0.45
76128533B70021405538438,11,0.1052,0.065
76128533B70021405538438,12,0.048,0.05
76128533B70021405538438,1,0.028903225806451615,0.03
76128533B70021405538438,2,0.011560283687943262,0.0
76128533B70021405538438,3,0.004838709677419355,0.0
76128533B70021405538438,4,0.0,0.0
76128533B70021405538438,5,0.0005806451612903225,0.0
76128533B70021405538438,6,0.014933333333333335,0.0
76128533B70021405538438,7,0.7646451612903226,0.14
76128533B70021405538438,8,0.8882580645161291,0.7
76128533B70315194619807,9,2.2561333333333335,1.9249999999999998
76128533B70315194619807,10,1.6101290322580644,0.95
76128533B70315194619807,11,0.37146666666666667,0.23
76128533B70315194619807,12,0.16709677419354838,0.16
76128533B70315194619807,1,0.10806451612903226,0.09
76128533B70315194619807,2,0.08702127659574468,0.08
76128533B70315194619807,3,0.08419354838709676,0.06
76128533B70315194619807,4,0.17846666666666666,0.09
76128533B70315194619807,5,1.0096774193548388,0.16
76128533B70315194619807,6,2.6210666666666667,1.34
76128533B70315194619807,7,2.676322580645161,1.89
76128533B70315194619807,8,4.105612903225807,3.52
76128533B70554191137208,9,1.5953333333333335,0.89
76128533B70554191137208,10,0.4736129032258064,0.3
76128533B70554191137208,11,0.2754666666666667,0.24
76128533B70554191137208,12,0.35200000000000004,0.23
76128533B70554191137208,1,0.47858064516129034,0.26
76128533B70554191137208,2,0.29106382978723405,0.25
76128533B70554191137208,3,0.35593548387096774,0.22
76128533B70554191137208,4,0.24213333333333334,0.22
76128533B70554191137208,5,0.4015483870967742,0.25
76128533B70554191137208,6,0.5775333333333333,0.31
76128533B70554191137208,7,2.1573548387096775,1.42
76128533B70554191137208,8,1.4461290322580647,0.98
76128533B70576899889534,9,1.1460666666666666,0.795
76128533B70576899889534,10,0.4984516129032258,0.36
76128533B70576899889534,11,0.08873333333333333,0.05
76128533B70576899889534,12,0.045032258064516134,0.04
76128533B70576899889534,1,0.032129032258064516,0.03
76128533B70576899889534,2,0.018368794326241132,0.02
76128533B70576899889534,3,0.009483870967741935,0.0
76128533B70576899889534,4,0.0024,0.0
76128533B70576899889534,5,0.0,0.0
76128533B70576899889534,6,0.004666666666666667,0.0
76128533B70576899889534,7,0.5304516129032258,0.47
76128533B70576899889534,8,0.7521935483870968,0.64
76128533B70646408240587,9,1.6172666666666666,1.24
76128533B70646408240587,10,0.17825806451612902,0.06
76128533B70646408240587,11,0.0444,0.05
76128533B70646408240587,12,0.03148387096774193,0.03
76128533B70646408240587,1,0.013483870967741935,0.02
76128533B70646408240587,2,0.00028368794326241134,0.0
76128533B70646408240587,3,0.0,0.0
76128533B70646408240587,4,0.0,0.0
76128533B70646408240587,5,0.0,0.0
76128533B70646408240587,6,0.012666666666666668,0.0
76128533B70646408240587,7,2.309806451612903,1.99
76128533B70646408240587,8,2.39141935483871,1.76
76128533B71088079535368,9,3.3638,1.92
76128533B71088079535368,10,1.6109677419354838,0.87
76128533B71088079535368,11,0.7182666666666666,0.695
76128533B71088079535368,12,1.3476774193548389,1.31
76128533B71088079535368,1,0.8909677419354838,0.66
76128533B71088079535368,2,0.7019148936170213,0.61
76128533B71088079535368,3,0.7906451612903226,0.56
76128533B71088079535368,4,0.6568666666666667,0.63
76128533B71088079535368,5,1.0049032258064516,0.69
76128533B71088079535368,6,1.27,0.78
76128533B71088079535368,7,3.5900645161290323,2.34
76128533B71088079535368,8,3.304516129032258,2.64
76128533B71271011331008,9,149.64666666666668,142.19
76128533B71271011331008,10,90.91083870967742,88.54
76128533B71271011331008,11,23.45306666666667,17.880000000000003
76128533B71271011331008,12,8.497935483870968,8.79
76128533B71271011331008,1,6.414838709677419,6.67
76128533B71271011331008,2,4.577872340425532,4.85
76128533B71271011331008,3,3.107548387096774,3.44
76128533B71271011331008,4,2.1814,2.135
76128533B71271011331008,5,1.4541290322580644,1.34
76128533B71271011331008,6,2.3830666666666667,1.5150000000000001
76128533B71271011331008,7,73.50174193548388,30.26
76128533B71271011331008,8,141.5763870967742,126.64
76128533B71353370080255,9,1.5776000000000001,0.985
76128533B71353370080255,10,0.8264516129032258,0.63
76128533B71353370080255,11,0.6152,0.6
76128533B71353370080255,12,0.5820645161290322,0.53
76128533B71353370080255,1,0.6896774193548387,0.53
76128533B71353370080255,2,0.6612765957446808,0.59
76128533B71353370080255,3,0.7250322580645161,0.59
76128533B71353370080255,4,0.6718000000000001,0.66
76128533B71353370080255,5,0.8445806451612903,0.69
76128533B71353370080255,6,0.9816,0.72
76128533B71353370080255,7,1.9101290322580644,1.28
76128533B71353370080255,8,1.416,1.11
76128533B71439508543442,9,1.5948666666666667,1.315
76128533B71439508543442,10,0.9199999999999999,0.76
76128533B71439508543442,11,0.19046666666666667,0.175
76128533B71439508543442,12,0.13083870967741937,0.12
76128533B71439508543442,1,0.10703225806451613,0.09
76128533B71439508543442,2,0.0850354609929078,0.06
76128533B71439508543442,3,0.06374193548387096,0.06
76128533B71439508543442,4,0.03886666666666667,0.03
76128533B71439508543442,5,0.078,0.0
76128533B71439508543442,6,0.4716666666666667,0.03
76128533B71439508543442,7,0.9236129032258065,0.08
76128533B71439508543442,8,1.774258064516129,1.84
76128533B71485440235524,9,18.843933333333336,14.315
76128533B71485440235524,10,13.738,13.93
76128533B71485440235524,11,4.51,2.84
76128533B71485440235524,12,2.6449677419354836,2.03
76128533B71485440235524,1,1.8786451612903226,1.9
76128533B71485440235524,2,1.7558156028368794,1.77
76128533B71485440235524,3,1.6461290322580646,1.69
76128533B71485440235524,4,1.5581333333333334,1.605
76128533B71485440235524,5,1.4759354838709677,1.44
76128533B71485440235524,6,1.5165333333333333,1.28
76128533B71485440235524,7,6.68541935483871,4.87
76128533B71485440235524,8,9.312387096774193,8.89
76128533B71714250401862,9,1.3053333333333335,0.525
76128533B71714250401862,10,0.20374193548387098,0.07
76128533B71714250401862,11,0.0516,0.05
76128533B71714250401862,12,0.044774193548387096,0.03
76128533B71714250401862,1,0.027161290322580644,0.02
76128533B71714250401862,2,0.007801418439716313,0.0
76128533B71714250401862,3,0.00012903225806451613,0.0
76128533B71714250401862,4,0.0,0.0
76128533B71714250401862,5,0.002774193548387097,0.0
76128533B71714250401862,6,0.0344,0.0
76128533B71714250401862,7,1.8416129032258064,0.7
76128533B71714250401862,8,1.7421290322580647,0.56
76128533B72109128179340,9,2.2132666666666667,0.96
76128533B72109128179340,10,1.5172903225806451,0.76
76128533B72109128179340,11,9.801666666666666,0.825
76128533B72109128179340,12,4.179548387096775,0.85
76128533B72109128179340,1,0.504,0.47
76128533B72109128179340,2,0.4681560283687944,0.47
76128533B72109128179340,3,0.5472258064516129,0.47
76128533B72109128179340,4,0.5793333333333334,0.53
76128533B72109128179340,5,0.9600000000000001,0.75
76128533B72109128179340,6,0.7793333333333333,0.59
76128533B72109128179340,7,2.1285806451612905,0.86
76128533B72109128179340,8,1.1613548387096773,0.85
76128533B72485933575946,9,12.6358,9.51
76128533B72485933575946,10,8.488322580645162,6.91
76128533B72485933575946,11,6.753733333333333,6.66
76128533B72485933575946,12,6.0768387096774195,5.78
76128533B72485933575946,1,6.695096774193549,5.87
76128533B72485933575946,2,7.090141843971631,6.62
76128533B72485933575946,3,7.04516129032258,6.43
76128533B72485933575946,4,7.347066666666667,7.29
76128533B72485933575946,5,8.491354838709677,7.57
76128533B72485933575946,6,9.492866666666668,7.98
76128533B72485933575946,7,14.760838709677419,11.56
76128533B72485933575946,8,12.013935483870968,10.69
76128533B72541188260561,9,1.1392666666666666,0.625
76128533B72541188260561,10,0.8978709677419354,0.82
76128533B72541188260561,11,0.6475333333333333,0.6
76128533B72541188260561,12,0.2914193548387097,0.24
76128533B72541188260561,1,0.08896774193548386,0.09
76128533B72541188260561,2,0.062127659574468086,0.06
76128533B72541188260561,3,0.028967741935483873,0.03
76128533B72541188260561,4,0.004533333333333333,0.0
76128533B72541188260561,5,0.018064516129032256,0.0
76128533B72541188260561,6,0.03526666666666667,0.03
76128533B72541188260561,7,0.3955483870967742,0.2
76128533B72541188260561,8,0.5205806451612903,0.49
76128533B73736605657091,9,31.216133333333335,22.015
76128533B73736605657091,10,5.29516129032258,1.59
76128533B73736605657091,11,0.6565333333333334,0.61
76128533B73736605657091,12,0.881483870967742,0.87
76128533B73736605657091,1,0.5143225806451612,0.5
76128533B73736605657091,2,0.2426950354609929,0.2
76128533B73736605657091,3,0.1456774193548387,0.12
76128533B73736605657091,4,0.1328,0.12
76128533B73736605657091,5,0.20290322580645162,0.16
76128533B73736605657091,6,2.3043333333333336,0.305
76128533B73736605657091,7,50.54535483870968,37.99
76128533B73736605657091,8,43.83490322580645,30.12
76128533B74319098136622,9,4.1692,0.485
76128533B74319098136622,10,2.9221290322580646,0.64
76128533B74319098136622,11,0.2567333333333333,0.23
76128533B74319098136622,12,0.08664516129032258,0.04
76128533B74319098136622,1,0.027290322580645163,0.02
76128533B74319098136622,2,0.2101418439716312,0.22
76128533B74319098136622,3,0.19606451612903225,0.19
76128533B74319098136622,4,0.17086666666666667,0.19
76128533B74319098136622,5,1.8260645161290323,0.19
76128533B74319098136622,6,1.2786,0.16
76128533B74319098136622,7,5.255935483870967,1.11
76128533B74319098136622,8,2.398774193548387,0.36
76128533B74381554567803,9,6.740466666666667,3.185
76128533B74381554567803,10,1.3543225806451613,0.16
76128533B74381554567803,11,0.07606666666666667,0.09
76128533B74381554567803,12,0.022258064516129033,0.0
76128533B74381554567803,1,0.001032258064516129,0.0
76128533B74381554567803,2,0.0,0.0
76128533B74381554567803,3,0.0,0.0
76128533B74381554567803,4,0.0,0.0
76128533B74381554567803,5,0.0007741935483870968,0.0
76128533B74381554567803,6,0.06533333333333334,0.0
76128533B74381554567803,7,6.241290322580645,1.34
76128533B74381554567803,8,4.93741935483871,2.14
76128533B74958462315105,9,5.381066666666666,5.17
76128533B74958462315105,10,3.020322580645161,2.92
76128533B74958462315105,11,2.2664,2.21
76128533B74958462315105,12,2.102,1.9
76128533B74958462315105,1,2.2089677419354836,2.16
76128533B74958462315105,2,2.602695035460993,2.52
76128533B74958462315105,3,3.82858064516129,3.67
76128533B74958462315105,4,4.198466666666667,4.140000000000001
76128533B74958462315105,5,3.6940645161290324,3.72
76128533B74958462315105,6,3.4126666666666665,3.05
76128533B74958462315105,7,4.706838709677419,3.47
76128533B74958462315105,8,6.602838709677419,6.59
76128533B74961596993088,9,433.98126666666667,318.15
76128533B74961596993088,10,219.83477419354838,153.88
76128533B74961596993088,11,42.318266666666666,34.565
76128533B74961596993088,12,27.04574193548387,22.77
76128533B74961596993088,1,22.443806451612904,18.19
76128533B74961596993088,2,27.68624113475177,18.14
76128533B74961596993088,3,22.46174193548387,17.32
76128533B74961596993088,4,26.7086,18.36
76128533B74961596993088,5,117.37025806451612,64.61
76128533B74961596993088,6,215.63846666666666,146.425
76128533B74961596993088,7,510.92141935483875,359.58
76128533B74961596993088,8,595.5754838709677,459.26
76128533B74992405432705,9,0.723,0.525
76128533B74992405432705,10,0.23445161290322583,0.12
76128533B74992405432705,11,0.0432,0.04
76128533B74992405432705,12,0.025354838709677422,0.02
76128533B74992405432705,1,0.018903225806451613,0.02
76128533B74992405432705,2,0.012624113475177305,0.02
76128533B74992405432705,3,0.004,0.0
76128533B74992405432705,4,0.004,0.0
76128533B74992405432705,5,0.020451612903225808,0.02
76128533B74992405432705,6,0.032933333333333335,0.02
76128533B74992405432705,7,0.2161290322580645,0.09
76128533B74992405432705,8,0.41019354838709676,0.05
76128533B75110579117636,9,0.4759333333333333,0.09
76128533B75110579117636,10,0.3128387096774194,0.09
76128533B75110579117636,11,0.07813333333333333,0.05
76128533B75110579117636,12,0.02870967741935484,0.03
76128533B75110579117636,1,0.004387096774193548,0.0
76128533B75110579117636,2,0.0,0.0
76128533B75110579117636,3,0.0,0.0
76128533B75110579117636,4,0.0,0.0
76128533B75110579117636,5,0.2094193548387097,0.0
76128533B75110579117636,6,0.13806666666666667,0.03
76128533B75110579117636,7,1.2175483870967743,0.52
76128533B75110579117636,8,0.4573548387096774,0.12
76128533B75262864015847,9,0.9502666666666666,0.99
76128533B75262864015847,10,0.5780645161290322,0.54
76128533B75262864015847,11,0.32966666666666666,0.32
76128533B75262864015847,12,0.28554838709677416,0.27
76128533B75262864015847,1,0.30270967741935484,0.28
76128533B75262864015847,2,0.285531914893617,0.3
76128533B75262864015847,3,0.2778709677419355,0.28
76128533B75262864015847,4,0.25060000000000004,0.25
76128533B75262864015847,5,0.2343225806451613,0.25
76128533B75262864015847,6,0.21693333333333334,0.22
76128533B75262864015847,7,0.6364516129032258,0.26
76128533B75262864015847,8,1.186774193548387,1.08
76128533B75359793481950,9,0.3996,0.35
76128533B75359793481950,10,0.23929032258064517,0.23
76128533B75359793481950,11,0.16593333333333335,0.16
76128533B75359793481950,12,0.11135483870967743,0.12
76128533B75359793481950,1,0.09477419354838709,0.08
76128533B75359793481950,2,0.07815602836879432,0.06
76128533B75359793481950,3,0.06303225806451612,0.03
76128533B75359793481950,4,0.0364,0.0
76128533B75359793481950,5,0.016064516129032258,0.0
76128533B75359793481950,6,0.305,0.0
76128533B75359793481950,7,2.49741935483871,1.42
76128533B75359793481950,8,0.7570322580645161,0.52
76128533B75519739609062,9,3.2927333333333335,3.2300000000000004
76128533B75519739609062,10,2.756709677419355,2.59
76128533B75519739609062,11,2.4090000000000003,1.995
76128533B75519739609062,12,1.2401935483870967,1.1
76128533B75519739609062,1,0.5954193548387097,0.48
76128533B75519739609062,2,0.34794326241134754,0.31
76128533B75519739609062,3,0.31451612903225806,0.31
76128533B75519739609062,4,0.44826666666666665,0.41
76128533B75519739609062,5,2.2159354838709677,0.72
76128533B75519739609062,6,3.527933333333334,2.69
76128533B75519739609062,7,4.555483870967742,4.36
76128533B75519739609062,8,4.1169032258064515,3.69
76128533B75529869544465,9,0.8260666666666666,0.59
76128533B75529869544465,10,0.525483870967742,0.47
76128533B75529869544465,11,0.11126666666666668,0.1
76128533B75529869544465,12,0.0872258064516129,0.08
76128533B75529869544465,1,0.06696774193548388,0.05
76128533B75529869544465,2,0.048439716312056735,0.03
76128533B75529869544465,3,0.02890322580645161,0.03
76128533B75529869544465,4,0.0164,0.0
76128533B75529869544465,5,0.01625806451612903,0.0
76128533B75529869544465,6,0.06313333333333333,0.02
76128533B75529869544465,7,0.3472903225806451,0.05
76128533B75529869544465,8,0.7523870967741936,0.63
76128533B75548370501185,9,0.9012,0.925
76128533B75548370501185,10,0.20470967741935484,0.07
76128533B75548370501185,11,0.042333333333333334,0.05
76128533B75548370501185,12,0.02935483870967742,0.03
76128533B75548370501185,1,0.013419354838709678,0.0
76128533B75548370501185,2,0.0012056737588652482,0.0
76128533B75548370501185,3,0.0,0.0
76128533B75548370501185,4,0.0,0.0
76128533B75548370501185,5,0.0,0.0
76128533B75548370501185,6,0.1355333333333333,0.0
76128533B75548370501185,7,1.0189032258064517,0.5
76128533B75548370501185,8,2.1083225806451615,1.53
76128533B75696328527555,9,5.646266666666667,5.525
76128533B75696328527555,10,4.225548387096774,3.54
76128533B75696328527555,11,3.1576,2.3099999999999996
76128533B75696328527555,12,1.484774193548387,1.31
76128533B75696328527555,1,0.7056774193548386,0.61
76128533B75696328527555,2,0.5649645390070923,0.56
76128533B75696328527555,3,0.5589032258064517,0.56
76128533B75696328527555,4,0.6064666666666667,0.59
76128533B75696328527555,5,2.4856129032258063,0.66
76128533B75696328527555,6,5.175866666666667,4.79
76128533B75696328527555,7,8.827290322580644,8.16
76128533B75696328527555,8,7.935483870967742,6.93
76128533B76058958071350,9,5.220333333333333,5.13
76128533B76058958071350,10,4.64341935483871,3.83
76128533B76058958071350,11,1.569,1.4
76128533B76058958071350,12,0.7285806451612904,0.65
76128533B76058958071350,1,0.668,0.63
76128533B76058958071350,2,1.2574468085106383,1.05
76128533B76058958071350,3,1.9705806451612904,1.72
76128533B76058958071350,4,3.7201999999999997,3.335
76128533B76058958071350,5,4.398645161290323,4.15
76128533B76058958071350,6,5.1259999999999994,4.53
76128533B76058958071350,7,5.796516129032258,5.59
76128533B76058958071350,8,5.3503870967741936,4.75
76128533B7606365706860,9,134.01286666666667,95.60499999999999
76128533B7606365706860,10,21.82083870967742,12.8
76128533B7606365706860,11,6.634133333333334,6.33
76128533B7606365706860,12,3.290516129032258,2.95
76128533B7606365706860,1,1.9783870967741934,1.89
76128533B7606365706860,2,1.80468085106383,1.81
76128533B7606365706860,3,1.413225806451613,1.38
76128533B7606365706860,4,1.5772000000000002,1.59
76128533B7606365706860,5,2.604645161290323,1.62
76128533B7606365706860,6,6.073066666666667,1.89
76128533B7606365706860,7,52.88406451612904,11.59
76128533B7606365706860,8,82.08316129032258,17.37
76128533B76129461078086,9,436.6936,417.805
76128533B76129461078086,10,358.5869677419355,321.85
76128533B76129461078086,11,145.04673333333332,134.52
76128533B76129461078086,12,72.68193548387097,70.94
76128533B76129461078086,1,62.58064516129032,59.39
76128533B76129461078086,2,97.35780141843972,98.31
76128533B76129461078086,3,154.97367741935483,145.22
76128533B76129461078086,4,285.3401333333333,262.03
76128533B76129461078086,5,365.7977419354839,332.43
76128533B76129461078086,6,503.22093333333333,475.995
76128533B76129461078086,7,548.1768387096774,563.94
76128533B76129461078086,8,497.4293548387097,447.75
76128533B76286653784168,9,1.6228,1.06
76128533B76286653784168,10,0.2538064516129032,0.06
76128533B76286653784168,11,0.04613333333333333,0.05
76128533B76286653784168,12,0.033419354838709676,0.03
76128533B76286653784168,1,0.02303225806451613,0.02
76128533B76286653784168,2,0.007163120567375887,0.0
76128533B76286653784168,3,0.0,0.0
76128533B76286653784168,4,0.0,0.0
76128533B76286653784168,5,0.0,0.0
76128533B76286653784168,6,0.33253333333333335,0.0
76128533B76286653784168,7,3.216064516129032,1.82
76128533B76286653784168,8,2.745032258064516,1.55
76128533B76927648517269,9,3.7982,2.6950000000000003
76128533B76927648517269,10,5.233096774193548,3.56
76128533B76927648517269,11,4.7918,1.855
76128533B76927648517269,12,2.239225806451613,0.82
76128533B76927648517269,1,0.9878709677419355,0.59
76128533B76927648517269,2,0.730354609929078,0.7
76128533B76927648517269,3,0.8476129032258064,0.59
76128533B76927648517269,4,1.3785333333333334,0.63
76128533B76927648517269,5,3.5980000000000003,1.81
76128533B76927648517269,6,3.1052666666666666,1.815
76128533B76927648517269,7,4.742322580645162,3.05
76128533B76927648517269,8,4.863935483870968,2.85
76128533B77191913035963,9,0.5265333333333334,0.345
76128533B77191913035963,10,0.09051612903225806,0.04
76128533B77191913035963,11,0.020133333333333333,0.03
76128533B77191913035963,12,0.006516129032258065,0.0
76128533B77191913035963,1,0.0,0.0
76128533B77191913035963,2,0.0,0.0
76128533B77191913035963,3,0.0,0.0
76128533B77191913035963,4,0.0,0.0
76128533B77191913035963,5,0.0,0.0
76128533B77191913035963,6,0.0018000000000000002,0.0
76128533B77191913035963,7,0.3758064516129032,0.03
76128533B77191913035963,8,0.7992903225806451,0.54
76128533B77537928419507,9,3.427866666666666,3.065
76128533B77537928419507,10,1.4727741935483871,1.33
76128533B77537928419507,11,0.9102,0.91
76128533B77537928419507,12,0.8719354838709678,0.87
76128533B77537928419507,1,0.8848387096774194,0.87
76128533B77537928419507,2,0.9236170212765956,0.91
76128533B77537928419507,3,1.2724516129032257,1.06
76128533B77537928419507,4,0.9053333333333334,0.87
76128533B77537928419507,5,0.8800645161290322,0.85
76128533B77537928419507,6,0.8941333333333333,0.81
76128533B77537928419507,7,2.9615483870967743,1.42
76128533B77537928419507,8,5.854645161290323,5.71
76128533B78482805703540,9,1.3102,0.9
76128533B78482805703540,10,0.15096774193548387,0.06
76128533B78482805703540,11,0.0392,0.04
76128533B78482805703540,12,0.02032258064516129,0.02
76128533B78482805703540,1,0.004580645161290323,0.0
76128533B78482805703540,2,0.00014184397163120567,0.0
76128533B78482805703540,3,0.0006451612903225806,0.0
76128533B78482805703540,4,0.0006,0.0
76128533B78482805703540,5,0.0007741935483870968,0.0
76128533B78482805703540,6,0.0254,0.0
76128533B78482805703540,7,1.855225806451613,1.52
76128533B78482805703540,8,2.4858064516129033,1.74
76128533B7851306475665,9,0.44893333333333335,0.09
76128533B7851306475665,10,0.06458064516129032,0.01
76128533B7851306475665,11,0.009733333333333333,0.0
76128533B7851306475665,12,0.004,0.0
76128533B7851306475665,1,0.0,0.0
76128533B7851306475665,2,0.0,0.0
76128533B7851306475665,3,0.0,0.0
76128533B7851306475665,4,0.0,0.0
76128533B7851306475665,5,0.0047741935483870965,0.0
76128533B7851306475665,6,0.0118,0.0
76128533B7851306475665,7,0.05212903225806452,0.03
76128533B7851306475665,8,0.23083870967741937,0.02
76128533B78904410352326,9,0.8342666666666667,0.66
76128533B78904410352326,10,0.4576774193548387,0.34
76128533B78904410352326,11,0.05966666666666667,0.06
76128533B78904410352326,12,0.047870967741935486,0.05
76128533B78904410352326,1,0.036838709677419354,0.03
76128533B78904410352326,2,0.029716312056737592,0.03
76128533B78904410352326,3,0.019870967741935485,0.03
76128533B78904410352326,4,0.014466666666666666,0.02
76128533B78904410352326,5,0.005741935483870968,0.0
76128533B78904410352326,6,0.18719999999999998,0.0
76128533B78904410352326,7,0.45083870967741935,0.22
76128533B78904410352326,8,0.9738064516129032,0.8
76128533B78970756356546,9,1023.8456,860.99
76128533B78970756356546,10,734.6013548387098,664.27
76128533B78970756356546,11,165.88459999999998,146.23
76128533B78970756356546,12,103.37729032258065,96.95
76128533B78970756356546,1,85.56329032258064,77.7
76128533B78970756356546,2,88.9177304964539,75.38
76128533B78970756356546,3,77.50245161290322,70.29
76128533B78970756356546,4,87.13493333333334,78.435
76128533B78970756356546,5,186.50580645161293,144.55
76128533B78970756356546,6,318.65153333333336,236.41
76128533B78970756356546,7,849.0373548387097,556.19
76128533B78970756356546,8,1205.0288387096775,1108.18
76128533B79048012717121,9,2.6979333333333333,2.8049999999999997
76128533B79048012717121,10,0.5470967741935484,0.2
76128533B79048012717121,11,0.11833333333333333,0.13
76128533B79048012717121,12,0.09419354838709677,0.11
76128533B79048012717121,1,0.06283870967741935,0.08
76128533B79048012717121,2,0.02652482269503546,0.0
76128533B79048012717121,3,0.0025161290322580645,0.0
76128533B79048012717121,4,0.0,0.0
76128533B79048012717121,5,0.0,0.0
76128533B79048012717121,6,0.3868666666666667,0.0
76128533B79048012717121,7,3.4356774193548385,0.99
76128533B79048012717121,8,8.451483870967742,6.06
76128533B79087524886024,9,1.7018,1.68
76128533B79087524886024,10,0.9732903225806453,0.96
76128533B79087524886024,11,0.24446666666666667,0.195
76128533B79087524886024,12,0.06838709677419355,0.07
76128533B79087524886024,1,0.04941935483870968,0.05
76128533B79087524886024,2,0.03425531914893617,0.03
76128533B79087524886024,3,0.01858064516129032,0.03
76128533B79087524886024,4,0.0036000000000000003,0.0
76128533B79087524886024,5,0.0,0.0
76128533B79087524886024,6,0.0014666666666666667,0.0
76128533B79087524886024,7,0.3747741935483871,0.09
76128533B79087524886024,8,1.6138064516129034,1.56
76128533B79180273895456,9,3.37,2.1550000000000002
76128533B79180273895456,10,1.6538709677419356,1.19
76128533B79180273895456,11,0.40753333333333336,0.19
76128533B79180273895456,12,0.1743225806451613,0.16
76128533B79180273895456,1,0.12806451612903227,0.12
76128533B79180273895456,2,0.08716312056737588,0.09
76128533B79180273895456,3,0.06490322580645162,0.06
76128533B79180273895456,4,0.0456,0.045
76128533B79180273895456,5,0.3967741935483871,0.03
76128533B79180273895456,6,4.231733333333334,0.9099999999999999
76128533B79180273895456,7,12.136516129032259,10.17
76128533B79180273895456,8,4.5200000000000005,3.55
76128533B79263581040575,9,121.63986666666666,82.08500000000001
76128533B79263581040575,10,73.10212903225806,50.88
76128533B79263581040575,11,14.026133333333334,13.190000000000001
76128533B79263581040575,12,9.270774193548387,9.35
76128533B79263581040575,1,5.944451612903226,5.22
76128533B79263581040575,2,4.248510638297872,2.89
76128533B79263581040575,3,3.0584516129032258,2.27
76128533B79263581040575,4,1.7251333333333332,1.78
76128533B79263581040575,5,1.129225806451613,0.28
76128533B79263581040575,6,34.7196,1.71
76128533B79263581040575,7,76.19129032258064,6.03
76128533B79263581040575,8,143.5041935483871,145.22
76128533B79303776608295,9,6.5458,6.475
76128533B79303776608295,10,1.8398064516129033,1.21
76128533B79303776608295,11,0.36793333333333333,0.37
76128533B79303776608295,12,0.2545806451612903,0.25
76128533B79303776608295,1,0.14200000000000002,0.17
76128533B79303776608295,2,0.07801418439716312,0.08
76128533B79303776608295,3,0.06458064516129032,0.06
76128533B79303776608295,4,0.08919999999999999,0.09
76128533B79303776608295,5,0.09,0.09
76128533B79303776608295,6,0.18026666666666666,0.09
76128533B79303776608295,7,3.731806451612903,1.53
76128533B79303776608295,8,10.006322580645161,10.27
76128533B79600797037735,9,0.054933333333333334,0.03
76128533B79600797037735,10,0.16180645161290322,0.04
76128533B79600797037735,11,0.25666666666666665,0.04
76128533B79600797037735,12,0.0652258064516129,0.02
76128533B79600797037735,1,0.01,0.0
76128533B79600797037735,2,0.002624113475177305,0.0
76128533B79600797037735,3,0.0,0.0
76128533B79600797037735,4,0.0006,0.0
76128533B79600797037735,5,0.0072903225806451605,0.0
76128533B79600797037735,6,0.006466666666666667,0.0
76128533B79600797037735,7,0.020838709677419354,0.02
76128533B79600797037735,8,0.14193548387096774,0.02
76128533B79601545186231,9,0.22413333333333332,0.02
76128533B79601545186231,10,0.6018709677419355,0.06
76128533B79601545186231,11,0.020933333333333335,0.01
76128533B79601545186231,12,0.0033548387096774194,0.0
76128533B79601545186231,1,0.0,0.0
76128533B79601545186231,2,0.0,0.0
76128533B79601545186231,3,0.0,0.0
76128533B79601545186231,4,0.0,0.0
76128533B79601545186231,5,0.008064516129032258,0.0
76128533B79601545186231,6,0.014400000000000001,0.0
76128533B79601545186231,7,0.3578709677419355,0.03
76128533B79601545186231,8,0.3486451612903226,0.03
76128533B79652855441225,9,0.9094,0.92
76128533B79652855441225,10,0.48638709677419356,0.47
76128533B79652855441225,11,0.2479333333333333,0.23
76128533B79652855441225,12,0.1967741935483871,0.19
76128533B79652855441225,1,0.23019354838709677,0.19
76128533B79652855441225,2,0.2522695035460993,0.22
76128533B79652855441225,3,0.29058064516129034,0.19
76128533B79652855441225,4,0.18453333333333333,0.19
76128533B79652855441225,5,0.1716774193548387,0.17
76128533B79652855441225,6,0.15993333333333334,0.16
76128533B79652855441225,7,1.1167096774193548,0.42
76128533B79652855441225,8,1.6083870967741936,1.39
76128533B80016894369263,9,8.95,4.445
76128533B80016894369263,10,6.323483870967742,2.81
76128533B80016894369263,11,2.6998,2.545
76128533B80016894369263,12,5.663032258064516,5.1
76128533B80016894369263,1,2.6229677419354838,2.33
76128533B80016894369263,2,2.1558156028368796,2.09
76128533B80016894369263,3,2.1067096774193548,1.94
76128533B80016894369263,4,2.1865333333333337,2.06
76128533B80016894369263,5,2.6923870967741936,2.25
76128533B80016894369263,6,3.0542666666666665,2.4850000000000003
76128533B80016894369263,7,6.406129032258065,5.43
76128533B80016894369263,8,7.440387096774193,4.97
76128533B80772392204057,9,0.24106666666666665,0.155
76128533B80772392204057,10,0.27580645161290324,0.25
76128533B80772392204057,11,0.37393333333333334,0.09
76128533B80772392204057,12,0.2052258064516129,0.05
76128533B80772392204057,1,0.04167741935483871,0.03
76128533B80772392204057,2,0.009858156028368793,0.0
76128533B80772392204057,3,0.00232258064516129,0.0
76128533B80772392204057,4,0.0063999999999999994,0.0
76128533B80772392204057,5,0.07535483870967742,0.02
76128533B80772392204057,6,0.06473333333333334,0.03
76128533B80772392204057,7,0.1316774193548387,0.09
76128533B80772392204057,8,0.2575483870967742,0.16
76128533B80916614857890,9,9.948866666666666,7.79
76128533B80916614857890,10,3.948193548387097,3.72
76128533B80916614857890,11,0.8532000000000001,0.87
76128533B80916614857890,12,0.6411612903225806,0.66
76128533B80916614857890,1,0.440258064516129,0.43
76128533B80916614857890,2,0.264113475177305,0.25
76128533B80916614857890,3,0.13903225806451613,0.12
76128533B80916614857890,4,0.065,0.06
76128533B80916614857890,5,0.08683870967741934,0.06
76128533B80916614857890,6,1.7183333333333333,0.11499999999999999
76128533B80916614857890,7,5.490967741935484,1.8
76128533B80916614857890,8,11.195354838709678,9.14
76128533B80958502091898,9,0.3284666666666667,0.11
76128533B80958502091898,10,0.12948387096774194,0.07
76128533B80958502091898,11,0.045200000000000004,0.05
76128533B80958502091898,12,0.038580645161290325,0.04
76128533B80958502091898,1,0.02870967741935484,0.02
76128533B80958502091898,2,0.018581560283687945,0.02
76128533B80958502091898,3,0.012516129032258063,0.0
76128533B80958502091898,4,0.01,0.0
76128533B80958502091898,5,0.014451612903225806,0.02
76128533B80958502091898,6,0.022600000000000002,0.02
76128533B80958502091898,7,0.3183870967741936,0.09
76128533B80958502091898,8,0.4519354838709677,0.39
76128533B81419063387740,9,2.5448666666666666,1.85
76128533B81419063387740,10,1.714451612903226,1.39
76128533B81419063387740,11,1.3558666666666666,1.33
76128533B81419063387740,12,1.2221935483870967,1.16
76128533B81419063387740,1,1.358258064516129,1.19
76128533B81419063387740,2,1.4382978723404256,1.34
76128533B81419063387740,3,1.4275483870967742,1.31
76128533B81419063387740,4,1.4842,1.47
76128533B81419063387740,5,1.7160645161290322,1.53
76128533B81419063387740,6,1.9505333333333332,1.59
76128533B81419063387740,7,3.059806451612903,2.3
76128533B81419063387740,8,2.4333548387096777,2.13
76128533B81607600692021,9,2.2458666666666667,2.165
76128533B81607600692021,10,0.6732258064516129,0.34
76128533B81607600692021,11,0.09766666666666667,0.09
76128533B81607600692021,12,0.059806451612903225,0.06
76128533B81607600692021,1,0.01767741935483871,0.02
76128533B81607600692021,2,0.004822695035460994,0.0
76128533B81607600692021,3,0.0025161290322580645,0.0
76128533B81607600692021,4,0.0017333333333333335,0.0
76128533B81607600692021,5,0.006774193548387097,0.0
76128533B81607600692021,6,0.051000000000000004,0.0
76128533B81607600692021,7,1.4956774193548388,0.7
76128533B81607600692021,8,3.19858064516129,3.3
76128533B81661995166840,9,2.506,1.275
76128533B81661995166840,10,0.38664516129032256,0.31
76128533B81661995166840,11,0.19446666666666668,0.18
76128533B81661995166840,12,0.16141935483870967,0.15
76128533B81661995166840,1,0.14458064516129032,0.14
76128533B81661995166840,2,0.1649645390070922,0.17
76128533B81661995166840,3,0.16509677419354837,0.16
76128533B81661995166840,4,0.18953333333333333,0.19
76128533B81661995166840,5,0.23800000000000002,0.19
76128533B81661995166840,6,0.33746666666666664,0.19
76128533B81661995166840,7,0.7709032258064515,0.64
76128533B81661995166840,8,1.4215483870967742,0.44
76128533B81964529079574,9,118.70660000000001,101.8
76128533B81964529079574,10,19.251290322580644,5.61
76128533B81964529079574,11,1.6004,1.105
76128533B81964529079574,12,3.5570967741935484,3.61
76128533B81964529079574,1,2.5708387096774197,2.62
76128533B81964529079574,2,1.552836879432624,1.55
76128533B81964529079574,3,0.7893548387096774,0.72
76128533B81964529079574,4,0.3044,0.16
76128533B81964529079574,5,0.181741935483871,0.12
76128533B81964529079574,6,15.4682,0.325
76128533B81964529079574,7,147.53232258064514,117.3
76128533B81964529079574,8,206.3401935483871,146.91
76128533B8221925175605,9,3.866933333333333,3.505
76128533B8221925175605,10,2.792967741935484,1.77
76128533B8221925175605,11,0.4091333333333333,0.29
76128533B8221925175605,12,0.21606451612903227,0.22
76128533B8221925175605,1,0.16516129032258065,0.17
76128533B8221925175605,2,0.12921985815602835,0.12
76128533B8221925175605,3,0.09690322580645161,0.09
76128533B8221925175605,4,0.7212666666666666,0.09
76128533B8221925175605,5,3.3893548387096777,0.66
76128533B8221925175605,6,11.217133333333333,6.890000000000001
76128533B8221925175605,7,7.677935483870967,6.03
76128533B8221925175605,8,6.17516129032258,5.82
76128533B82240600990321,9,0.3548666666666667,0.08
76128533B82240600990321,10,0.07174193548387096,0.03
76128533B82240600990321,11,0.0228,0.02
76128533B82240600990321,12,0.014838709677419357,0.0
76128533B82240600990321,1,0.010516129032258063,0.0
76128533B82240600990321,2,0.005957446808510638,0.0
76128533B82240600990321,3,0.0036774193548387095,0.0
76128533B82240600990321,4,0.0,0.0
76128533B82240600990321,5,0.0,0.0
76128533B82240600990321,6,0.0,0.0
76128533B82240600990321,7,0.2261935483870968,0.03
76128533B82240600990321,8,1.3537419354838711,1.12
76128533B82539771173603,9,16.616733333333336,13.355
76128533B82539771173603,10,11.176451612903225,8.42
76128533B82539771173603,11,6.552066666666667,4.4
76128533B82539771173603,12,3.0086451612903224,2.33
76128533B82539771173603,1,1.8341290322580646,1.71
76128533B82539771173603,2,1.4564539007092197,1.44
76128533B82539771173603,3,1.2730967741935484,1.25
76128533B82539771173603,4,1.7642666666666666,1.69
76128533B82539771173603,5,7.377935483870967,2.25
76128533B82539771173603,6,11.112333333333332,6.04
76128533B82539771173603,7,27.708774193548386,24.0
76128533B82539771173603,8,22.08283870967742,19.99
76128533B82559220423608,9,15.940600000000002,15.26
76128533B82559220423608,10,8.869483870967741,8.59
76128533B82559220423608,11,2.6875999999999998,2.3
76128533B82559220423608,12,0.7743870967741936,0.7
76128533B82559220423608,1,0.538,0.55
76128533B82559220423608,2,0.4269503546099291,0.44
76128533B82559220423608,3,0.33561290322580645,0.33
76128533B82559220423608,4,0.27773333333333333,0.28
76128533B82559220423608,5,0.24070967741935487,0.22
76128533B82559220423608,6,0.43126666666666663,0.31
76128533B82559220423608,7,10.012580645161291,5.84
76128533B82559220423608,8,17.972709677419356,18.23
76128533B83105693975079,9,0.5601333333333333,0.48
76128533B83105693975079,10,0.6294838709677419,0.46
76128533B83105693975079,11,0.47659999999999997,0.26
76128533B83105693975079,12,0.29374193548387095,0.22
76128533B83105693975079,1,0.11741935483870967,0.11
76128533B83105693975079,2,0.09347517730496453,0.09
76128533B83105693975079,3,0.08929032258064516,0.09
76128533B83105693975079,4,0.07226666666666666,0.06
76128533B83105693975079,5,0.07019354838709677,0.06
76128533B83105693975079,6,0.07406666666666667,0.06
76128533B83105693975079,7,0.44064516129032255,0.28
76128533B83105693975079,8,0.32025806451612904,0.24
76128533B83278580643229,9,193.48579999999998,66.22
76128533B83278580643229,10,157.48425806451613,62.39
76128533B83278580643229,11,17.11093333333333,15.274999999999999
76128533B83278580643229,12,11.057032258064515,10.61
76128533B83278580643229,1,4.308451612903226,2.85
76128533B83278580643229,2,3.1134751773049647,3.4
76128533B83278580643229,3,1.4767096774193547,1.28
76128533B83278580643229,4,0.8921333333333333,0.20500000000000002
76128533B83278580643229,5,48.8861935483871,4.19
76128533B83278580643229,6,124.10746666666665,36.63
76128533B83278580643229,7,510.89729032258066,332.43
76128533B83278580643229,8,222.33561290322578,119.23
76128533B83462627230182,9,28606.642200000002,28640.86
76128533B83462627230182,10,17005.05490322581,16105.45
76128533B83462627230182,11,5218.540533333333,4612.225
76128533B83462627230182,12,2921.3845806451613,2785.12
76128533B83462627230182,1,1816.9308387096776,1720.87
76128533B83462627230182,2,1518.7643262411348,1299.17
76128533B83462627230182,3,1373.6599999999999,1385.76
76128533B83462627230182,4,1449.0097333333333,1374.625
76128533B83462627230182,5,2164.410064516129,2022.02
76128533B83462627230182,6,5233.492533333333,3458.4049999999997
76128533B83462627230182,7,18929.05090322581,18922.43
76128533B83462627230182,8,34120.36122580645,35236.08
76128533B83861010847920,9,7.409666666666667,6.3100000000000005
76128533B83861010847920,10,6.309741935483871,6.8
76128533B83861010847920,11,5.5280000000000005,5.075
76128533B83861010847920,12,2.9269032258064516,2.57
76128533B83861010847920,1,1.1936129032258065,1.16
76128533B83861010847920,2,0.6972340425531915,0.66
76128533B83861010847920,3,0.5913548387096774,0.59
76128533B83861010847920,4,0.8324,0.66
76128533B83861010847920,5,4.348709677419355,1.4
76128533B83861010847920,6,7.448266666666667,5.725
76128533B83861010847920,7,10.93032258064516,9.99
76128533B83861010847920,8,9.252193548387096,7.47
76128533B84417945851362,9,0.4816,0.235
76128533B84417945851362,10,0.1327741935483871,0.05
76128533B84417945851362,11,0.022666666666666665,0.02
76128533B84417945851362,12,0.01135483870967742,0.0
76128533B84417945851362,1,0.0038064516129032258,0.0
76128533B84417945851362,2,0.0,0.0
76128533B84417945851362,3,0.0,0.0
76128533B84417945851362,4,0.0,0.0
76128533B84417945851362,5,0.0005806451612903225,0.0
76128533B84417945851362,6,0.0138,0.0
76128533B84417945851362,7,0.7568387096774194,0.03
76128533B84417945851362,8,0.6615483870967741,0.11
76128533B84689409020934,9,3.1658,2.9000000000000004
76128533B84689409020934,10,3.0629677419354837,2.34
76128533B84689409020934,11,0.9868000000000001,0.89
76128533B84689409020934,12,0.3545161290322581,0.31
76128533B84689409020934,1,0.2731612903225807,0.26
76128533B84689409020934,2,0.3426241134751773,0.31
76128533B84689409020934,3,0.7401935483870968,0.72
76128533B84689409020934,4,1.5298666666666667,1.4
76128533B84689409020934,5,2.0464516129032257,1.9
76128533B84689409020934,6,3.2297333333333333,2.97
76128533B84689409020934,7,3.7251612903225806,3.47
76128533B84689409020934,8,3.3784516129032256,2.73
76128533B84837672903805,9,0.007333333333333334,0.0
76128533B84837672903805,10,0.0014838709677419356,0.0
76128533B84837672903805,11,0.0004666666666666667,0.0
76128533B84837672903805,12,0.0050967741935483875,0.0
76128533B84837672903805,1,0.006580645161290323,0.0
76128533B84837672903805,2,0.0,0.0
76128533B84837672903805,3,0.0001935483870967742,0.0
76128533B84837672903805,4,0.0006,0.0
76128533B84837672903805,5,0.0001935483870967742,0.0
76128533B84837672903805,6,0.0017333333333333335,0.0
76128533B84837672903805,7,0.01625806451612903,0.02
76128533B84837672903805,8,0.014516129032258065,0.01
76128533B84927972855096,9,3.6263333333333336,2.16
76128533B84927972855096,10,1.7617419354838708,0.6
76128533B84927972855096,11,0.27146666666666663,0.04
76128533B84927972855096,12,0.1549032258064516,0.02
76128533B84927972855096,1,0.011741935483870968,0.02
76128533B84927972855096,2,0.012624113475177305,0.02
76128533B84927972855096,3,0.07825806451612903,0.0
76128533B84927972855096,4,0.1162,0.0
76128533B84927972855096,5,0.6358709677419355,0.03
76128533B84927972855096,6,1.3625333333333334,0.28
76128533B84927972855096,7,4.7218064516129035,2.86
76128533B84927972855096,8,2.63341935483871,1.17
76128533B85389886560116,9,1.6510666666666667,1.6099999999999999
76128533B85389886560116,10,1.1320000000000001,1.12
76128533B85389886560116,11,0.6296666666666667,0.36
76128533B85389886560116,12,0.3476774193548387,0.31
76128533B85389886560116,1,0.2821290322580645,0.28
76128533B85389886560116,2,0.2630496453900709,0.26
76128533B85389886560116,3,0.2719354838709677,0.28
76128533B85389886560116,4,0.24453333333333332,0.25
76128533B85389886560116,5,0.4840645161290323,0.22
76128533B85389886560116,6,1.388,0.8300000000000001
76128533B85389886560116,7,4.596451612903226,3.41
76128533B85389886560116,8,3.333419354838709,3.32
76128533B85627242103654,9,2466.5134000000003,2332.46
76128533B85627242103654,10,2147.1152903225807,1966.89
76128533B85627242103654,11,818.3939333333333,761.97
76128533B85627242103654,12,360.19503225806454,343.35
76128533B85627242103654,1,272.06374193548385,267.53
76128533B85627242103654,2,357.8989361702128,308.03
76128533B85627242103654,3,606.0190322580645,556.19
76128533B85627242103654,4,1412.1950666666667,1260.835
76128533B85627242103654,5,1917.5243225806453,1831.31
76128533B85627242103654,6,3159.385333333333,3057.455
76128533B85627242103654,7,3318.702064516129,3434.58
76128533B85627242103654,8,2862.0207096774193,2510.89
76128533B85695392289827,9,334.1386,319.63
76128533B85695392289827,10,212.28961290322582,208.89
76128533B85695392289827,11,124.74693333333335,122.45
76128533B85695392289827,12,83.56206451612904,82.56
76128533B85695392289827,1,69.56516129032258,69.47
76128533B85695392289827,2,63.49078014184398,63.12
76128533B85695392289827,3,62.98058064516129,61.66
76128533B85695392289827,4,57.49653333333333,56.94
76128533B85695392289827,5,50.85367741935484,53.95
76128533B85695392289827,6,41.4846,22.415
76128533B85695392289827,7,368.57316129032256,334.74
76128533B85695392289827,8,430.5983225806452,447.75
76128533B86048662040782,9,0.34180000000000005,0.255
76128533B86048662040782,10,0.15367741935483872,0.12
76128533B86048662040782,11,0.094,0.09
76128533B86048662040782,12,0.2386451612903226,0.23
76128533B86048662040782,1,0.08987096774193548,0.05
76128533B86048662040782,2,0.0676595744680851,0.06
76128533B86048662040782,3,0.06587096774193547,0.05
76128533B86048662040782,4,0.05993333333333333,0.06
76128533B86048662040782,5,0.09090322580645162,0.06
76128533B86048662040782,6,0.1126,0.06
76128533B86048662040782,7,0.4275483870967742,0.28
76128533B86048662040782,8,0.384,0.31
76128533B86368264587575,9,15.754066666666667,16.08
76128533B86368264587575,10,15.151290322580644,13.86
76128533B86368264587575,11,12.91,11.274999999999999
76128533B86368264587575,12,5.775096774193548,4.05
76128533B86368264587575,1,1.9903225806451612,0.97
76128533B86368264587575,2,0.5082269503546099,0.41
76128533B86368264587575,3,0.37458064516129036,0.28
76128533B86368264587575,4,1.9683333333333333,1.3599999999999999
76128533B86368264587575,5,13.44032258064516,4.62
76128533B86368264587575,6,20.471533333333333,16.46
76128533B86368264587575,7,22.914387096774195,21.13
76128533B86368264587575,8,18.692,17.28
76128533B86424887513424,9,39.1498,21.415
76128533B86424887513424,10,15.960967741935482,2.86
76128533B86424887513424,11,1.7324666666666666,1.88
76128533B86424887513424,12,0.862516129032258,0.72
76128533B86424887513424,1,0.6201935483870967,0.62
76128533B86424887513424,2,0.6872340425531914,0.69
76128533B86424887513424,3,0.708516129032258,0.69
76128533B86424887513424,4,0.8307333333333333,0.78
76128533B86424887513424,5,1.046709677419355,0.81
76128533B86424887513424,6,1.6494,1.19
76128533B86424887513424,7,64.87174193548388,20.09
76128533B86424887513424,8,49.570193548387095,19.42
76128533B86721175299079,9,0.3028,0.06
76128533B86721175299079,10,0.28516129032258064,0.07
76128533B86721175299079,11,0.06566666666666666,0.035
76128533B86721175299079,12,0.014516129032258065,0.01
76128533B86721175299079,1,0.002903225806451613,0.0
76128533B86721175299079,2,0.014751773049645391,0.02
76128533B86721175299079,3,0.004193548387096774,0.0
76128533B86721175299079,4,0.015266666666666666,0.02
76128533B86721175299079,5,0.08606451612903225,0.03
76128533B86721175299079,6,0.09093333333333334,0.03
76128533B86721175299079,7,1.0655483870967741,0.42
76128533B86721175299079,8,0.45838709677419354,0.17
76128533B87327155385261,9,3.566266666666667,3.475
76128533B87327155385261,10,2.448193548387097,2.37
76128533B87327155385261,11,1.7368666666666666,1.73
76128533B87327155385261,12,1.2412258064516128,1.23
76128533B87327155385261,1,0.8796774193548387,0.87
76128533B87327155385261,2,0.7721985815602836,0.77
76128533B87327155385261,3,1.596774193548387,1.55
76128533B87327155385261,4,2.6104666666666665,2.56
76128533B87327155385261,5,3.732322580645161,3.75
76128533B87327155385261,6,4.173133333333333,3.97
76128533B87327155385261,7,4.585612903225806,4.2
76128533B87327155385261,8,4.4554193548387095,4.14
76128533B88214376170788,9,2.6621333333333332,2.4850000000000003
76128533B88214376170788,10,1.6428387096774193,1.63
76128533B88214376170788,11,1.1839333333333333,1.185
76128533B88214376170788,12,0.9516129032258065,0.86
76128533B88214376170788,1,0.8871612903225806,0.87
76128533B88214376170788,2,1.1464539007092198,1.12
76128533B88214376170788,3,1.692967741935484,1.72
76128533B88214376170788,4,1.6303333333333334,1.62
76128533B88214376170788,5,1.5679354838709678,1.59
76128533B88214376170788,6,1.3184,1.1949999999999998
76128533B88214376170788,7,2.092709677419355,1.86
76128533B88214376170788,8,2.91858064516129,2.92
76128533B88481188307630,9,323.7814,240.27
76128533B88481188307630,10,293.0001935483871,257.23
76128533B88481188307630,11,71.22086666666667,57.545
76128533B88481188307630,12,47.67406451612903,43.77
76128533B88481188307630,1,41.903677419354835,37.64
76128533B88481188307630,2,42.52730496453901,37.64
76128533B88481188307630,3,38.66464516129032,34.73
76128533B88481188307630,4,41.5124,39.505
76128533B88481188307630,5,51.24296774193548,42.25
76128533B88481188307630,6,118.80073333333334,44.34
76128533B88481188307630,7,189.39490322580644,104.93
76128533B88481188307630,8,294.1267741935484,272.53
76128533B8920527783032,9,11.949,11.735
76128533B8920527783032,10,6.753161290322581,5.64
76128533B8920527783032,11,1.7916666666666667,1.1
76128533B8920527783032,12,0.9598064516129033,0.9
76128533B8920527783032,1,0.8685806451612903,0.75
76128533B8920527783032,2,0.753758865248227,0.7
76128533B8920527783032,3,1.2176129032258063,0.69
76128533B8920527783032,4,5.574866666666667,1.34
76128533B8920527783032,5,6.553677419354838,3.56
76128533B8920527783032,6,13.305333333333333,10.649999999999999
76128533B8920527783032,7,18.586129032258064,15.29
76128533B8920527783032,8,15.705612903225806,13.52
76128533B89228414823983,9,7.0752,6.28
76128533B89228414823983,10,4.507741935483871,3.91
76128533B89228414823983,11,1.2816666666666667,0.77
76128533B89228414823983,12,0.6631612903225806,0.64
76128533B89228414823983,1,0.5709677419354838,0.55
76128533B89228414823983,2,0.5178723404255319,0.5
76128533B89228414823983,3,0.614258064516129,0.53
76128533B89228414823983,4,1.5535333333333334,0.675
76128533B89228414823983,5,2.704516129032258,1.03
76128533B89228414823983,6,7.922933333333334,6.970000000000001
76128533B89228414823983,7,11.667870967741935,10.51
76128533B89228414823983,8,9.231290322580644,8.29
76128533B89286042589317,9,159.45653333333334,124.745
76128533B89286042589317,10,43.790193548387094,31.58
76128533B89286042589317,11,9.090866666666667,8.875
76128533B89286042589317,12,7.53,6.73
76128533B89286042589317,1,5.567354838709677,5.14
76128533B89286042589317,2,5.62468085106383,5.68
76128533B89286042589317,3,5.7623870967741935,5.61
76128533B89286042589317,4,6.418799999999999,6.43
76128533B89286042589317,5,7.129290322580645,6.62
76128533B89286042589317,6,14.674533333333333,7.93
76128533B89286042589317,7,120.65890322580645,93.62
76128533B89286042589317,8,162.61251612903226,154.24
76128533B89438858641946,9,3.2962000000000002,3.19
76128533B89438858641946,10,0.9745161290322581,0.76
76128533B89438858641946,11,0.10893333333333333,0.11
76128533B89438858641946,12,0.0924516129032258,0.09
76128533B89438858641946,1,0.0664516129032258,0.06
76128533B89438858641946,2,0.04042553191489362,0.03
76128533B89438858641946,3,0.016064516129032258,0.0
76128533B89438858641946,4,0.0037999999999999996,0.0
76128533B89438858641946,5,0.0,0.0
76128533B89438858641946,6,0.15780000000000002,0.0
76128533B89438858641946,7,2.742516129032258,1.9
76128533B89438858641946,8,5.132000000000001,3.62
76128533B89979485471283,9,1.82,1.55
76128533B89979485471283,10,0.6121935483870968,0.16
76128533B89979485471283,11,0.13866666666666666,0.11
76128533B89979485471283,12,0.10980645161290323,0.1
76128533B89979485471283,1,0.10109677419354839,0.09
76128533B89979485471283,2,0.0775886524822695,0.08
76128533B89979485471283,3,0.06870967741935484,0.06
76128533B89979485471283,4,0.0562,0.06
76128533B89979485471283,5,0.05509677419354838,0.06
76128533B89979485471283,6,0.13726666666666668,0.04
76128533B89979485471283,7,2.966322580645161,2.06
76128533B89979485471283,8,2.2513548387096773,1.33
76128533B90068096507942,9,36.27953333333333,27.28
76128533B90068096507942,10,26.926516129032255,20.83
76128533B90068096507942,11,5.1690000000000005,4.12
76128533B90068096507942,12,4.110774193548387,3.33
76128533B90068096507942,1,3.4679354838709675,2.56
76128533B90068096507942,2,3.02709219858156,2.09
76128533B90068096507942,3,2.4606451612903224,1.65
76128533B90068096507942,4,1.6014000000000002,1.1400000000000001
76128533B90068096507942,5,1.2943870967741935,0.8
76128533B90068096507942,6,3.1569333333333334,1.25
76128533B90068096507942,7,10.36025806451613,3.75
76128533B90068096507942,8,33.92741935483871,31.43
76128533B90169585758701,9,32.45013333333333,24.91
76128533B90169585758701,10,6.955612903225807,1.09
76128533B90169585758701,11,0.5056,0.22
76128533B90169585758701,12,0.9761935483870968,0.99
76128533B90169585758701,1,0.6547096774193548,0.56
76128533B90169585758701,2,0.29666666666666663,0.28
76128533B90169585758701,3,0.20038709677419353,0.19
76128533B90169585758701,4,0.08673333333333333,0.06
76128533B90169585758701,5,0.11761290322580645,0.03
76128533B90169585758701,6,2.6096666666666666,0.09
76128533B90169585758701,7,52.01496774193548,28.51
76128533B90169585758701,8,47.82961290322581,24.18
76128533B90384580518633,9,1.1616666666666666,1.05
76128533B90384580518633,10,0.9276774193548386,0.83
76128533B90384580518633,11,0.13893333333333333,0.12
76128533B90384580518633,12,0.09993548387096775,0.1
76128533B90384580518633,1,0.08909677419354839,0.09
76128533B90384580518633,2,0.0950354609929078,0.09
76128533B90384580518633,3,0.08754838709677419,0.09
76128533B90384580518633,4,0.09506666666666666,0.09
76128533B90384580518633,5,0.11393548387096775,0.09
76128533B90384580518633,6,0.18413333333333334,0.11
76128533B90384580518633,7,0.6214193548387097,0.5
76128533B90384580518633,8,1.0601935483870968,1.0
76128533B90551733723251,9,0.6790666666666667,0.08
76128533B90551733723251,10,0.1973548387096774,0.06
76128533B90551733723251,11,0.036866666666666666,0.02
76128533B90551733723251,12,0.020774193548387096,0.0
76128533B90551733723251,1,0.016193548387096777,0.0
76128533B90551733723251,2,0.011914893617021275,0.0
76128533B90551733723251,3,0.009483870967741935,0.0
76128533B90551733723251,4,0.0048,0.0
76128533B90551733723251,5,0.0,0.0
76128533B90551733723251,6,0.0018000000000000002,0.0
76128533B90551733723251,7,0.3738709677419355,0.02
76128533B90551733723251,8,0.7887096774193548,0.44
76128533B90913053845537,9,14.010466666666668,13.32
76128533B90913053845537,10,12.584,12.09
76128533B90913053845537,11,4.822333333333334,4.56
76128533B90913053845537,12,1.7745161290322582,1.62
76128533B90913053845537,1,1.4668387096774194,1.28
76128533B90913053845537,2,3.2213475177304964,2.67
76128533B90913053845537,3,6.358129032258065,5.65
76128533B90913053845537,4,14.822000000000001,13.175
76128533B90913053845537,5,18.054129032258064,16.86
76128533B90913053845537,6,22.380066666666668,21.39
76128533B90913053845537,7,20.723290322580645,19.7
76128533B90913053845537,8,17.99606451612903,16.95
76128533B91445917652173,9,39.416666666666664,35.605
76128533B91445917652173,10,32.3376129032258,32.57
76128533B91445917652173,11,7.2516,6.735
76128533B91445917652173,12,5.884064516129032,5.82
76128533B91445917652173,1,5.193354838709678,5.04
76128533B91445917652173,2,5.854397163120567,5.46
76128533B91445917652173,3,5.291935483870968,5.19
76128533B91445917652173,4,6.3388,6.13
76128533B91445917652173,5,5.918,5.37
76128533B91445917652173,6,14.4082,6.08
76128533B91445917652173,7,22.096064516129033,9.64
76128533B91445917652173,8,39.10787096774194,37.11
76128533B91472319248603,9,42.397600000000004,36.370000000000005
76128533B91472319248603,10,46.051419354838714,35.22
76128533B91472319248603,11,8.866000000000001,5.415
76128533B91472319248603,12,3.2694838709677416,3.25
76128533B91472319248603,1,2.6795483870967742,2.66
76128533B91472319248603,2,2.896028368794326,2.27
76128533B91472319248603,3,2.036064516129032,1.94
76128533B91472319248603,4,9.9732,2.13
76128533B91472319248603,5,38.28109677419355,26.48
76128533B91472319248603,6,76.2456,68.02
76128533B91472319248603,7,64.56354838709677,58.02
76128533B91472319248603,8,62.64819354838709,58.57
76128533B91480770176940,9,6.117733333333333,5.6
76128533B91480770176940,10,5.661806451612904,3.7
76128533B91480770176940,11,0.8160666666666666,0.5
76128533B91480770176940,12,0.2618709677419355,0.26
76128533B91480770176940,1,0.2141290322580645,0.22
76128533B91480770176940,2,0.1843262411347518,0.19
76128533B91480770176940,3,0.15541935483870967,0.16
76128533B91480770176940,4,0.6365999999999999,0.16
76128533B91480770176940,5,2.866064516129032,0.31
76128533B91480770176940,6,12.613133333333334,9.01
76128533B91480770176940,7,9.433806451612904,7.51
76128533B91480770176940,8,9.568,9.3
76128533B91871300208785,9,0.9512,0.825
76128533B91871300208785,10,0.539483870967742,0.36
76128533B91871300208785,11,0.0934,0.1
76128533B91871300208785,12,0.07141935483870968,0.06
76128533B91871300208785,1,0.0707741935483871,0.06
76128533B91871300208785,2,0.09028368794326241,0.09
76128533B91871300208785,3,0.09341935483870968,0.09
76128533B91871300208785,4,0.0888,0.09
76128533B91871300208785,5,0.11696774193548387,0.09
76128533B91871300208785,6,0.33366666666666667,0.09
76128533B91871300208785,7,0.6712258064516129,0.45
76128533B91871300208785,8,1.056258064516129,1.06
76128533B91881382098572,9,4.138466666666667,0.825
76128533B91881382098572,10,0.30238709677419356,0.03
76128533B91881382098572,11,0.02366666666666667,0.0
76128533B91881382098572,12,0.0013548387096774194,0.0
76128533B91881382098572,1,0.006967741935483871,0.0
76128533B91881382098572,2,0.0,0.0
76128533B91881382098572,3,0.0,0.0
76128533B91881382098572,4,0.0071333333333333335,0.0
76128533B91881382098572,5,0.03645161290322581,0.0
76128533B91881382098572,6,4.784133333333333,0.0
76128533B91881382098572,7,1.8963225806451613,0.33
76128533B91881382098572,8,7.926516129032259,0.06
76128533B92621859299479,9,2.3703333333333334,0.26
76128533B92621859299479,10,4.9476129032258065,1.23
76128533B92621859299479,11,0.5289999999999999,0.235
76128533B92621859299479,12,0.06090322580645161,0.02
76128533B92621859299479,1,0.008774193548387097,0.0
76128533B92621859299479,2,0.000425531914893617,0.0
76128533B92621859299479,3,0.0,0.0
76128533B92621859299479,4,0.0146,0.0
76128533B92621859299479,5,0.3345161290322581,0.23
76128533B92621859299479,6,0.3685333333333333,0.12
76128533B92621859299479,7,5.028709677419355,0.47
76128533B92621859299479,8,3.877612903225806,0.61
76128533B92985585225784,9,1.3920000000000001,1.28
76128533B92985585225784,10,0.8662580645161291,0.84
76128533B92985585225784,11,0.7712,0.78
76128533B92985585225784,12,0.7399354838709677,0.74
76128533B92985585225784,1,0.7006451612903225,0.7
76128533B92985585225784,2,0.7092198581560284,0.69
76128533B92985585225784,3,1.1605806451612903,1.11
76128533B92985585225784,4,1.8734,1.88
76128533B92985585225784,5,2.1761935483870967,2.34
76128533B92985585225784,6,1.4721333333333333,1.3599999999999999
76128533B92985585225784,7,1.4663225806451612,1.05
76128533B92985585225784,8,2.024193548387097,1.74
76128533B93063337202124,9,1.6820666666666666,1.23
76128533B93063337202124,10,0.4770322580645161,0.09
76128533B93063337202124,11,0.08420000000000001,0.07
76128533B93063337202124,12,0.07535483870967742,0.06
76128533B93063337202124,1,0.054387096774193545,0.05
76128533B93063337202124,2,0.03340425531914894,0.03
76128533B93063337202124,3,0.02858064516129032,0.03
76128533B93063337202124,4,0.0166,0.02
76128533B93063337202124,5,0.01064516129032258,0.0
76128533B93063337202124,6,0.041466666666666666,0.0
76128533B93063337202124,7,2.2187741935483873,1.19
76128533B93063337202124,8,1.9394193548387098,0.99
76128533B93113981386565,9,0.2824,0.09
76128533B93113981386565,10,0.05135483870967742,0.04
76128533B93113981386565,11,0.016200000000000003,0.01
76128533B93113981386565,12,0.007483870967741935,0.01
76128533B93113981386565,1,0.0004516129032258065,0.0
76128533B93113981386565,2,0.0,0.0
76128533B93113981386565,3,0.0,0.0
76128533B93113981386565,4,0.0,0.0
76128533B93113981386565,5,0.0025161290322580645,0.0
76128533B93113981386565,6,0.008,0.0
76128533B93113981386565,7,0.2295483870967742,0.02
76128533B93113981386565,8,0.426,0.02
76128533B93214480696409,9,0.8611333333333332,0.77
76128533B93214480696409,10,0.589741935483871,0.55
76128533B93214480696409,11,0.14653333333333335,0.13
76128533B93214480696409,12,0.1254193548387097,0.12
76128533B93214480696409,1,0.12058064516129033,0.11
76128533B93214480696409,2,0.13921985815602836,0.12
76128533B93214480696409,3,0.1227741935483871,0.12
76128533B93214480696409,4,0.18433333333333335,0.16
76128533B93214480696409,5,0.15587096774193548,0.12
76128533B93214480696409,6,0.3329333333333333,0.12
76128533B93214480696409,7,0.5058064516129033,0.3
76128533B93214480696409,8,0.8433548387096774,0.8
76128533B93450974047240,9,0.5358666666666666,0.225
76128533B93450974047240,10,0.18645161290322582,0.05
76128533B93450974047240,11,0.02426666666666667,0.02
76128533B93450974047240,12,0.014258064516129033,0.01
76128533B93450974047240,1,0.000967741935483871,0.0
76128533B93450974047240,2,0.0,0.0
76128533B93450974047240,3,0.0,0.0
76128533B93450974047240,4,0.0,0.0
76128533B93450974047240,5,0.033741935483870965,0.0
76128533B93450974047240,6,0.039066666666666666,0.0
76128533B93450974047240,7,0.5956774193548386,0.08
76128533B93450974047240,8,0.3223225806451613,0.1
76128533B94710820075529,9,1.5799333333333334,1.065
76128533B94710820075529,10,0.7100645161290323,0.62
76128533B94710820075529,11,0.38786666666666664,0.34
76128533B94710820075529,12,0.206,0.19
76128533B94710820075529,1,0.5945161290322581,0.14
76128533B94710820075529,2,0.09638297872340426,0.05
76128533B94710820075529,3,0.06787096774193548,0.03
76128533B94710820075529,4,0.04873333333333333,0.03
76128533B94710820075529,5,0.0755483870967742,0.06
76128533B94710820075529,6,0.15973333333333334,0.11
76128533B94710820075529,7,3.1840645161290326,0.53
76128533B94710820075529,8,2.7728387096774196,2.09
76128533B94847743365739,9,10.1768,7.359999999999999
76128533B94847743365739,10,6.442516129032258,4.9
76128533B94847743365739,11,1.0912666666666666,0.955
76128533B94847743365739,12,0.756,0.75
76128533B94847743365739,1,0.560516129032258,0.49
76128533B94847743365739,2,0.4559574468085107,0.37
76128533B94847743365739,3,0.3939354838709678,0.31
76128533B94847743365739,4,0.28813333333333335,0.25
76128533B94847743365739,5,0.49270967741935484,0.28
76128533B94847743365739,6,1.7722666666666664,0.41
76128533B94847743365739,7,4.6256774193548384,1.77
76128533B94847743365739,8,10.723419354838711,9.07
76128533B95049353851516,9,0.20346666666666666,0.12
76128533B95049353851516,10,0.07277419354838709,0.05
76128533B95049353851516,11,0.034333333333333334,0.03
76128533B95049353851516,12,0.06780645161290322,0.06
76128533B95049353851516,1,0.12916129032258064,0.03
76128533B95049353851516,2,0.030141843971631204,0.02
76128533B95049353851516,3,0.022064516129032256,0.02
76128533B95049353851516,4,0.0118,0.0
76128533B95049353851516,5,0.019935483870967743,0.02
76128533B95049353851516,6,0.0356,0.02
76128533B95049353851516,7,0.5841935483870968,0.11
76128533B95049353851516,8,0.30509677419354836,0.23
76128533B95075104846315,9,1.5420666666666667,0.365
76128533B95075104846315,10,1.812,0.9
76128533B95075104846315,11,1.0258666666666667,0.65
76128533B95075104846315,12,1.2301935483870967,0.63
76128533B95075104846315,1,0.23387096774193547,0.2
76128533B95075104846315,2,0.12120567375886525,0.09
76128533B95075104846315,3,0.06496774193548387,0.0
76128533B95075104846315,4,0.009,0.0
76128533B95075104846315,5,0.011161290322580645,0.0
76128533B95075104846315,6,0.004333333333333333,0.0
76128533B95075104846315,7,0.12825806451612903,0.02
76128533B95075104846315,8,0.0652258064516129,0.02
76128533B9558749744242,9,7.541933333333333,7.0
76128533B9558749744242,10,5.2135483870967745,4.25
76128533B9558749744242,11,1.6080666666666668,0.985
76128533B9558749744242,12,0.5839354838709677,0.56
76128533B9558749744242,1,0.5263870967741936,0.52
76128533B9558749744242,2,0.49482269503546095,0.5
76128533B9558749744242,3,0.842516129032258,0.47
76128533B9558749744242,4,2.0279333333333334,0.53
76128533B9558749744242,5,2.803161290322581,0.94
76128533B9558749744242,6,8.257800000000001,5.68
76128533B9558749744242,7,11.492451612903226,9.35
76128533B9558749744242,8,10.185548387096775,9.54
76128533B95764075909869,9,4.191199999999999,3.6900000000000004
76128533B95764075909869,10,4.120193548387097,3.46
76128533B95764075909869,11,1.4688666666666668,1.18
76128533B95764075909869,12,0.6049677419354839,0.5
76128533B95764075909869,1,0.4935483870967742,0.44
76128533B95764075909869,2,1.3582978723404255,1.09
76128533B95764075909869,3,2.1185161290322583,1.75
76128533B95764075909869,4,5.021333333333334,4.109999999999999
76128533B95764075909869,5,5.352903225806452,4.87
76128533B95764075909869,6,6.133666666666667,5.25
76128533B95764075909869,7,5.155354838709678,4.71
76128533B95764075909869,8,4.180580645161291,3.17
76128533B95879808095476,9,0.9172666666666667,0.705
76128533B95879808095476,10,0.7752258064516129,0.34
76128533B95879808095476,11,0.6329333333333333,0.255
76128533B95879808095476,12,0.2689032258064516,0.21
76128533B95879808095476,1,0.13064516129032258,0.14
76128533B95879808095476,2,0.08985815602836879,0.09
76128533B95879808095476,3,0.06012903225806452,0.06
76128533B95879808095476,4,0.0694,0.06
76128533B95879808095476,5,0.11193548387096774,0.06
76128533B95879808095476,6,0.13093333333333335,0.06
76128533B95879808095476,7,1.2716129032258063,1.06
76128533B95879808095476,8,1.313225806451613,0.99
76128533B95910687666425,9,2.4774000000000003,2.34
76128533B95910687666425,10,2.064451612903226,1.7
76128533B95910687666425,11,0.5899333333333333,0.5
76128533B95910687666425,12,0.26793548387096777,0.25
76128533B95910687666425,1,0.2501935483870968,0.25
76128533B95910687666425,2,0.37567375886524823,0.31
76128533B95910687666425,3,0.5956129032258064,0.44
76128533B95910687666425,4,2.6078666666666668,1.79
76128533B95910687666425,5,3.1835483870967742,2.72
76128533B95910687666425,6,3.838866666666667,3.0149999999999997
76128533B95910687666425,7,3.4219354838709677,3.21
76128533B95910687666425,8,3.0416129032258064,2.64
76128533B96719327593873,9,1.8566,1.6150000000000002
76128533B96719327593873,10,1.5030322580645161,1.1
76128533B96719327593873,11,0.17806666666666668,0.08
76128533B96719327593873,12,0.046,0.04
76128533B96719327593873,1,0.021612903225806453,0.02
76128533B96719327593873,2,0.008226950354609928,0.0
76128533B96719327593873,3,0.010064516129032258,0.0
76128533B96719327593873,4,0.10633333333333334,0.02
76128533B96719327593873,5,0.8643225806451613,0.33
76128533B96719327593873,6,3.0960666666666667,2.4450000000000003
76128533B96719327593873,7,3.2618709677419355,2.52
76128533B96719327593873,8,2.838258064516129,2.79
76128533B97089774514948,9,0.47333333333333333,0.24
76128533B97089774514948,10,0.30070967741935484,0.15
76128533B97089774514948,11,0.14966666666666667,0.15
76128533B97089774514948,12,0.13219354838709677,0.12
76128533B97089774514948,1,0.1530967741935484,0.12
76128533B97089774514948,2,0.16092198581560285,0.16
76128533B97089774514948,3,0.15780645161290324,0.14
76128533B97089774514948,4,0.16286666666666666,0.16
76128533B97089774514948,5,0.20219354838709677,0.16
76128533B97089774514948,6,0.2412,0.19
76128533B97089774514948,7,0.4412903225806452,0.31
76128533B97089774514948,8,0.3498709677419355,0.31
76128533B97372652494648,9,2166.3242,2274.1
76128533B97372652494648,10,1338.9210967741935,1223.62
76128533B97372652494648,11,311.5954,251.065
76128533B97372652494648,12,145.16445161290324,139.6
76128533B97372652494648,1,138.37987096774194,138.32
76128533B97372652494648,2,136.73468085106384,136.72
76128533B97372652494648,3,135.53851612903227,135.46
76128533B97372652494648,4,135.39866666666666,135.46
76128533B97372652494648,5,135.67509677419355,135.46
76128533B97372652494648,6,139.49933333333334,136.4
76128533B97372652494648,7,1100.1112903225805,168.82
76128533B97372652494648,8,2164.2370322580646,2253.24
76128533B97425778881707,9,1.2959333333333332,1.25
76128533B97425778881707,10,0.9278709677419354,0.93
76128533B97425778881707,11,0.5538,0.57
76128533B97425778881707,12,0.2914193548387097,0.29
76128533B97425778881707,1,0.18161290322580648,0.17
76128533B97425778881707,2,0.16921985815602836,0.17
76128533B97425778881707,3,0.15851612903225806,0.16
76128533B97425778881707,4,0.14533333333333334,0.16
76128533B97425778881707,5,0.12483870967741936,0.12
76128533B97425778881707,6,0.22833333333333333,0.12
76128533B97425778881707,7,1.0518064516129033,1.01
76128533B97425778881707,8,1.5264516129032257,1.52
76128533B9759621355294,9,4.813666666666666,3.12
76128533B9759621355294,10,0.9756774193548386,0.27
76128533B9759621355294,11,0.17673333333333335,0.17
76128533B9759621355294,12,0.16916129032258065,0.16
76128533B9759621355294,1,0.1195483870967742,0.11
76128533B9759621355294,2,0.0750354609929078,0.08
76128533B9759621355294,3,0.03929032258064516,0.03
76128533B9759621355294,4,0.007866666666666666,0.0
76128533B9759621355294,5,0.005225806451612903,0.0
76128533B9759621355294,6,1.1466,0.03
76128533B9759621355294,7,5.929483870967743,5.01
76128533B9759621355294,8,5.471225806451613,4.35
76128533B9794868259401,9,1.2350666666666668,0.79
76128533B9794868259401,10,0.6820645161290323,0.57
76128533B9794868259401,11,0.11133333333333333,0.12
76128533B9794868259401,12,0.06548387096774194,0.08
76128533B9794868259401,1,0.02961290322580645,0.02
76128533B9794868259401,2,0.023687943262411346,0.02
76128533B9794868259401,3,0.028645161290322577,0.03
76128533B9794868259401,4,0.028666666666666667,0.03
76128533B9794868259401,5,0.032193548387096774,0.03
76128533B9794868259401,6,0.03713333333333334,0.03
76128533B9794868259401,7,0.747225806451613,0.2
76128533B9794868259401,8,0.9115483870967741,0.87
76128533B98985252129882,9,0.9546666666666666,0.91
76128533B98985252129882,10,0.7858064516129032,0.57
76128533B98985252129882,11,0.11299999999999999,0.1
76128533B98985252129882,12,0.09438709677419356,0.08
76128533B98985252129882,1,0.07587096774193548,0.06
76128533B98985252129882,2,0.0624113475177305,0.03
76128533B98985252129882,3,0.048903225806451615,0.03
76128533B98985252129882,4,0.03793333333333333,0.03
76128533B98985252129882,5,0.036774193548387096,0.03
76128533B98985252129882,6,0.042666666666666665,0.03
76128533B98985252129882,7,0.16051612903225806,0.06
76128533B98985252129882,8,1.498258064516129,1.53
76128533B99469070633974,9,2.946266666666667,2.75
76128533B99469070633974,10,2.257483870967742,2.05
76128533B99469070633974,11,0.7387999999999999,0.575
76128533B99469070633974,12,0.27819354838709676,0.25
76128533B99469070633974,1,0.2384516129032258,0.23
76128533B99469070633974,2,0.24702127659574466,0.25
76128533B99469070633974,3,0.2743225806451613,0.25
76128533B99469070633974,4,0.5725333333333333,0.445
76128533B99469070633974,5,1.3264516129032258,0.97
76128533B99469070633974,6,3.098666666666667,2.9850000000000003
76128533B99469070633974,7,4.2623870967741935,4.0
76128533B99469070633974,8,3.5881935483870966,3.5
76128533B9976625304286,9,1.8065333333333335,1.25
76128533B9976625304286,10,1.0444516129032257,0.77
76128533B9976625304286,11,0.7369333333333333,0.73
76128533B9976625304286,12,0.6776774193548387,0.63
76128533B9976625304286,1,0.7790322580645161,0.66
76128533B9976625304286,2,0.7927659574468086,0.72
76128533B9976625304286,3,0.7934193548387096,0.7
76128533B9976625304286,4,0.796,0.78
76128533B9976625304286,5,0.9638709677419355,0.85
76128533B9976625304286,6,1.1085333333333334,0.87
76128533B9976625304286,7,2.0070967741935486,1.52
76128533B9976625304286,8,1.6192903225806452,1.4
